Provincia,Estadisticos,Enero,Febrero,Marzo,Abril,Mayo,Junio,Julio,Agosto,Septiembre,Octubre,Noviembre,Diciembre,Anual,year
Araba,Minimo,1,1,1,1,1,1,1,1,1,1,1,1,1,2019
Araba,Cuartil_1,1,1,"1,6",1,1,"1,2","1,8","1,9","1,6",1,1,1,1,2019
Araba,Mediana,1,2,"2,6","1,5","1,6","2,4","2,6","2,9",2,"1,7",1,"1,1","1,8",2019
Araba,Media,"1,3",2,"2,4","1,6","1,8","2,6","2,7","2,8","2,1","1,8","1,1","1,3",2,2019
Araba,Cuartil_3,"1,5","2,9",3,"1,9","2,4","3,4","3,5","3,6","2,6",2,"1,1","1,7","2,6",2019
Araba,Maximo,"2,3","3,4",4,3,"3,8",5,"4,9","4,6","3,9","4,1","1,9","2,5",5,2019
Albacete,Minimo,1,"1,5",1,1,1,"1,4","1,1",1,1,1,1,1,1,2019
Albacete,Cuartil_1,"1,8","1,8","2,2",1,"1,3","2,5",3,"2,3",1,"1,1","1,1",1,"1,2",2019
Albacete,Mediana,2,2,"2,6","1,1","1,6","2,9","3,5","3,2","1,4",2,"1,3","1,1","1,9",2019
Albacete,Media,2,"2,1","2,5","1,4","1,6",3,"3,5","3,1","1,5","1,9","1,3","1,1","2,1",2019
Albacete,Cuartil_3,"2,2","2,3","2,8","1,7","1,9","3,2","4,2","3,9","1,9","2,5","1,6","1,2","2,7",2019
Albacete,Maximo,"2,9","2,9","3,8","2,7","3,4","4,6",5,5,"2,9","3,1",2,"1,6",5,2019
Alicante,Minimo,1,"1,2",1,1,1,"1,2",1,1,1,1,1,1,1,2019
Alicante,Cuartil_1,"1,5","1,9","2,1",1,"1,1","2,2","3,4","2,6",1,1,"1,3",1,"1,2",2019
Alicante,Mediana,"1,8","2,1","2,7","1,1","1,3","2,5",4,"3,2","1,1","1,6","1,7","1,3","1,9",2019
Alicante,Media,"1,8","2,2","2,5","1,3","1,5","2,6","3,7","3,2","1,3","1,7","1,8","1,3","2,1",2019
Alicante,Cuartil_3,2,"2,3","2,9","1,3","1,7","2,8","4,3",4,"1,6","2,2","2,2","1,5","2,7",2019
Alicante,Maximo,"3,4","3,5","4,4","2,5","3,8","4,3","4,8","4,8","2,5",3,3,2,"4,8",2019
Almeria,Minimo,1,1,1,1,1,"1,8","1,3",1,1,1,1,1,1,2019
Almeria,Cuartil_1,"1,5","1,6","1,8",1,"1,4","2,9","3,5","2,5","1,1","1,2","1,5","1,1","1,3",2019
Almeria,Mediana,"1,7","1,8","2,2","1,1","1,8","3,2",4,"3,6","1,3","2,2","1,8","1,3","1,9",2019
Almeria,Media,"1,7","1,8","2,1","1,4","1,9","3,3","3,9","3,3","1,5","1,9","1,9","1,3","2,2",2019
Almeria,Cuartil_3,2,"2,1","2,5","1,7","2,3","3,5","4,3",4,"1,8","2,5","2,3","1,5","2,7",2019
Almeria,Maximo,"2,5","2,4",3,"2,5","3,1","4,4","4,8","4,9","2,3","3,1","2,7","1,8","4,9",2019
Avila,Minimo,1,1,1,1,"1,5","1,1","1,4","1,3",1,1,1,1,1,2019
Avila,Cuartil_1,"1,3","1,5",2,1,"1,9","2,3","2,7","2,6","1,4",1,1,1,"1,1",2019
Avila,Mediana,2,2,"2,4",1,"2,1","3,2","3,4","3,3","2,3","1,3",1,1,2,2019
Avila,Media,"1,8","1,9","2,3","1,3","2,3",3,"3,2","3,2","2,4","1,8","1,1","1,2","2,1",2019
Avila,Cuartil_3,"2,1","2,2","2,9","1,3","2,8","3,6","3,9","3,8","3,2","2,6","1,2","1,2","2,8",2019
Avila,Maximo,"2,4",3,"3,1","2,6","3,3","4,6","4,4","4,8","4,5","3,5","1,6",2,"4,8",2019
Badajoz,Minimo,1,1,1,1,1,"1,8","1,3",2,1,1,1,1,1,2019
Badajoz,Cuartil_1,"1,1","1,1","1,7",1,2,"2,5","2,5","3,4","2,1",1,1,1,"1,1",2019
Badajoz,Mediana,"1,4","1,3",2,"1,1","2,4","3,1","3,2","3,9","2,9","1,7",1,1,2,2019
Badajoz,Media,"1,4","1,4","2,1","1,4","2,6",3,"3,1","3,8",3,"1,9","1,1",1,"2,2",2019
Badajoz,Cuartil_3,"1,7","1,9","2,7","1,6","3,3","3,4","3,6","4,4","3,9","2,7","1,3",1,"3,1",2019
Badajoz,Maximo,2,2,"3,2","2,2","4,7","4,1","4,3","4,8",5,"3,6","1,5","1,4",5,2019
Illes Balears,Minimo,1,"1,1",1,1,1,"1,1","1,4",1,1,1,1,1,1,2019
Illes Balears,Cuartil_1,"1,1","1,2",2,"1,3","1,4","2,5","2,7",3,1,1,1,1,"1,2",2019
Illes Balears,Mediana,"1,5","1,5","2,2","1,4","1,7","2,8","3,2","3,4","1,7","1,7","1,1","1,3","1,9",2019
Illes Balears,Media,"1,5","1,6","2,1","1,6","1,7","2,8","3,1","3,3","1,7","1,6","1,3","1,3",2,2019
Illes Balears,Cuartil_3,"1,8",2,"2,4","1,9","1,9","3,2","3,7",4,"2,1",2,"1,4","1,5","2,4",2019
Illes Balears,Maximo,"2,5","2,4","3,2","2,8","2,9","4,7","4,5","4,7","2,9","2,4","2,3","2,2","4,7",2019
Barcelona,Minimo,"1,1","1,2","1,7",1,1,1,"1,1","1,6",1,1,1,1,1,2019
Barcelona,Cuartil_1,"1,6",2,"2,7",1,1,2,"2,3","3,2","1,6","1,3","1,1",1,"1,3",2019
Barcelona,Mediana,"2,1","2,5","3,2","1,2","1,4","2,9","3,7",4,"2,3","2,2","1,4","1,1","2,2",2019
Barcelona,Media,2,"2,4","3,1","1,7","1,6","2,8","3,4","3,7","2,1","2,1","1,5","1,2","2,3",2019
Barcelona,Cuartil_3,"2,4","2,9","3,5","1,9","1,9","3,7","4,6","4,5","2,6","2,9","1,8","1,3",3,2019
Barcelona,Maximo,"2,9","3,3","4,2","4,3","3,3","4,8","4,9","4,9","3,1","3,3","3,1","2,4","4,9",2019
Burgos,Minimo,1,1,1,1,1,1,1,"1,2",1,1,1,1,1,2019
Burgos,Cuartil_1,"1,1","1,2","1,9","1,1","1,4","1,4","1,8","2,2","1,5",1,1,1,"1,1",2019
Burgos,Mediana,"1,7",2,"2,8","1,3","2,1","2,2","2,6","3,1","2,3","1,7",1,"1,1","1,9",2019
Burgos,Media,"1,7",2,"2,6","1,6","2,1","2,7","2,5",3,"2,3",2,1,"1,2","2,1",2019
Burgos,Cuartil_3,2,"2,8","3,2","2,1","2,6","3,9","3,1","3,8",3,"2,6",1,"1,3","2,8",2019
Burgos,Maximo,"2,6","3,4",4,"2,6","3,4","4,9","4,6","4,5","4,3",4,"1,3",2,"4,9",2019
Caceres,Minimo,1,1,1,1,1,"1,2","1,4","1,1",1,1,1,1,1,2019
Caceres,Cuartil_1,"1,2","1,1","1,9",1,2,"2,1","2,5","2,8","1,8",1,1,1,1,2019
Caceres,Mediana,"1,4","1,4","2,1","1,2","2,3","2,7","2,9","3,4","2,3","1,1",1,1,"1,9",2019
Caceres,Media,"1,4","1,5","2,1","1,4","2,3","2,6","2,8","3,1","2,8","1,6","1,1",1,2,2019
Caceres,Cuartil_3,"1,7",2,"2,5","1,8","2,7","3,1","3,1","3,6","3,8","2,2","1,2",1,"2,7",2019
Caceres,Maximo,"2,1","2,1",3,2,"3,7","3,8","4,2","4,2","4,8","3,1","1,4","1,1","4,8",2019
Cadiz,Minimo,1,1,1,1,1,"1,8",2,"1,5",1,1,1,1,1,2019
Cadiz,Cuartil_1,1,"1,1","1,4",1,"1,9","2,5","2,6",3,"1,6","1,1",1,1,"1,1",2019
Cadiz,Mediana,"1,2","1,4","1,9",1,"2,1","2,7","2,8","3,2","2,1","1,8",1,1,"1,8",2019
Cadiz,Media,"1,3","1,4","1,8","1,3","2,2","2,7",3,"3,2","2,3","1,8",1,"1,1","1,9",2019
Cadiz,Cuartil_3,"1,5","1,7",2,"1,7","2,4","2,9","3,4","3,5",3,"2,3",1,"1,2","2,6",2019
Cadiz,Maximo,"1,8","2,1","2,9","2,1","3,9","3,8","4,1","4,3","4,1","3,6","1,4","1,8","4,3",2019
Castellon,Minimo,1,"1,8",1,1,1,"1,1",1,1,1,1,"1,2",1,1,2019
Castellon,Cuartil_1,"1,8","1,9","2,5",1,"1,1","2,2","2,2","2,6",1,"1,2","1,6",1,"1,4",2019
Castellon,Mediana,"2,1","2,3",3,"1,3","1,6","2,7","2,8","3,6","1,7",2,2,"1,4","2,1",2019
Castellon,Media,"2,2","2,4","2,9","1,4","1,7","2,7",3,"3,2","1,7","2,1","2,1","1,4","2,2",2019
Castellon,Cuartil_3,"2,8","2,5","3,3","1,6","2,2",3,"4,2",4,"2,2","2,8","2,4","1,7","2,8",2019
Castellon,Maximo,4,"4,1","4,5","2,6","2,9","4,7","4,6","4,9","3,1","4,1","3,5","2,8","4,9",2019
Ciudad Real,Minimo,1,1,1,1,1,"2,3","1,8","1,4",1,1,1,1,1,2019
Ciudad Real,Cuartil_1,"1,4","1,2",2,1,"1,9","3,1","3,4","3,6","1,1",1,1,1,1,2019
Ciudad Real,Mediana,"1,7","1,8","2,7",1,"2,2","3,4","3,9","4,2","1,9","1,4",1,1,2,2019
Ciudad Real,Media,"1,6","1,7","2,5","1,4","2,3","3,5","3,8",4,"2,2","1,7",1,1,"2,2",2019
Ciudad Real,Cuartil_3,2,2,3,"1,9","2,7","3,9","4,2","4,6","2,7","2,5",1,1,"3,1",2019
Ciudad Real,Maximo,"2,1","2,7","4,2","2,9","3,9","4,8","4,9",5,"4,9","3,2","1,5","1,9",5,2019
Cordoba,Minimo,1,1,1,1,"1,1","2,5","1,7","1,5",1,1,1,1,1,2019
Cordoba,Cuartil_1,"1,4","1,2","1,9",1,2,"3,4","3,4","3,4","1,3","1,1",1,1,"1,1",2019
Cordoba,Mediana,"1,7","1,7","2,1",1,"2,6","3,5","3,6","3,8",2,"1,9",1,1,2,2019
Cordoba,Media,"1,6","1,6","2,1","1,3","2,6","3,5","3,6","3,7","2,2",2,"1,1","1,1","2,2",2019
Cordoba,Cuartil_3,"1,9",2,"2,7","1,8","3,1","3,9","3,8","4,1","3,1","2,8","1,2",1,"3,2",2019
Cordoba,Maximo,2,"2,1","3,1","2,2","4,5","4,5","4,4","4,6","4,3","3,3","1,5",2,"4,6",2019
A Coruña,Minimo,1,1,1,1,1,1,"1,1","1,1",1,1,1,1,1,2019
A Coruña,Cuartil_1,1,"1,1","1,3",1,"1,5","1,1","1,8","1,7","1,6",1,1,1,1,2019
A Coruña,Mediana,2,"1,8","2,1","1,3","2,5","1,4","2,4","2,6","2,9",1,1,"1,2","1,6",2019
A Coruña,Media,"1,8",2,"2,3","1,6","2,3","1,6","2,4","2,3","2,8","1,3",1,"1,4","1,9",2019
A Coruña,Cuartil_3,"2,4","2,9","3,1","2,1","2,9","1,7","2,9","2,8","3,9","1,3",1,"1,7","2,6",2019
A Coruña,Maximo,3,"3,5","4,3","3,5","4,7","4,8","4,1","4,5","4,6","2,5","1,1","2,4","4,8",2019
Cuenca,Minimo,1,1,1,1,1,2,"1,7",1,1,1,1,1,1,2019
Cuenca,Cuartil_1,"1,6","1,6","2,2",1,"1,4","2,6",3,"2,7",1,1,1,1,"1,1",2019
Cuenca,Mediana,2,2,"2,9",1,"1,8","2,9","3,3","3,8","1,5","1,4",1,1,2,2019
Cuenca,Media,"1,8",2,"2,6","1,3","1,8","3,1","3,5","3,4","1,7","1,7","1,1","1,1","2,1",2019
Cuenca,Cuartil_3,"2,1","2,4",3,"1,3","2,1","3,3","4,3","4,3","2,1","2,4","1,1","1,1","2,8",2019
Cuenca,Maximo,"2,7",3,"3,8","2,7","2,9","4,9","4,9",5,"3,6","3,1","1,3","1,3",5,2019
Girona,Minimo,1,"1,2","1,9",1,1,1,1,2,1,1,1,1,1,2019
Girona,Cuartil_1,"1,4","2,1","2,5","1,1","1,1","1,6","2,2","3,2","1,4","1,3","1,1","1,1","1,3",2019
Girona,Mediana,"2,4","2,5","3,1","1,2","1,8","2,9","3,2","3,8","2,1","2,1","1,2","1,4","2,1",2019
Girona,Media,"2,3","2,4",3,"1,6","1,7","2,7","3,1","3,7","2,1",2,"1,3","1,4","2,3",2019
Girona,Cuartil_3,"2,8","2,9","3,4","1,9","2,1","3,4",4,"4,3","2,6","2,7","1,4","1,6",3,2019
Girona,Maximo,"3,8","3,6","4,8","3,5","3,2","4,4","4,6","4,8","3,6","3,7",2,"1,8","4,8",2019
Granada,Minimo,1,1,1,1,"1,1","2,3","1,7","1,5",1,1,1,1,1,2019
Granada,Cuartil_1,"1,4","1,3","1,5",1,"1,7",3,"3,5","3,4","1,2","1,4","1,1",1,"1,3",2019
Granada,Mediana,"1,7","1,5","2,1",1,"2,1","3,2","3,8","3,9","1,4","2,4","1,3","1,2","1,8",2019
Granada,Media,"1,6","1,6","1,9","1,3","2,1","3,2","3,7","3,7","1,6","2,1","1,3","1,3","2,1",2019
Granada,Cuartil_3,"1,9","1,9","2,3","1,6","2,4","3,4","4,3","4,3","2,1","2,8","1,5","1,4","2,8",2019
Granada,Maximo,"2,1","2,1","2,8","2,8","3,1","4,1","4,6","4,8","2,7","3,3","1,8","1,8","4,8",2019
Guadalajara,Minimo,1,1,1,1,1,"1,3","1,1",1,1,1,1,1,1,2019
Guadalajara,Cuartil_1,"1,4","1,4","2,3",1,"1,2","2,3",2,"2,7","1,2","1,1",1,1,1,2019
Guadalajara,Mediana,2,2,"2,7",1,"1,8","2,9",3,"3,5",2,"1,3",1,1,"1,9",2019
Guadalajara,Media,"1,8","1,9","2,6","1,2","1,8",3,"2,8","3,4","2,1","1,8",1,"1,1",2,2019
Guadalajara,Cuartil_3,"2,1","2,5",3,"1,1","2,1","3,6","3,7","4,2","2,8","2,5",1,"1,1","2,8",2019
Guadalajara,Maximo,"2,8","2,9","3,3","2,2",3,"4,8","4,6","4,9",4,"3,1","1,4","1,6","4,9",2019
Gipuzkoa,Minimo,1,1,1,1,1,1,1,1,1,1,1,1,1,2019
Gipuzkoa,Cuartil_1,1,1,"1,6",1,1,"1,1","1,8","1,7","1,8",1,1,1,1,2019
Gipuzkoa,Mediana,1,"2,2","2,4","1,8","1,2","2,3","2,5","2,5","2,1","1,8",1,"1,2","1,8",2019
Gipuzkoa,Media,"1,1","2,4","2,3","1,6","1,6","2,4","2,5","2,5","2,2","1,9","1,1","1,5","1,9",2019
Gipuzkoa,Cuartil_3,"1,1","3,4","2,9",2,2,"3,4","3,2","3,3","2,5","2,5",1,2,"2,6",2019
Gipuzkoa,Maximo,2,"4,4","4,5","3,3","3,1","4,9",5,"4,2","3,9","4,3","2,2","3,3",5,2019
Huelva,Minimo,1,1,1,1,"1,1",2,"1,3",2,1,1,1,1,1,2019
Huelva,Cuartil_1,"1,2","1,1","1,5",1,2,"2,8","2,5","3,7",2,"1,1",1,1,"1,1",2019
Huelva,Mediana,"1,5","1,3",2,"1,1","2,6","3,1","3,2","4,2","2,8","1,9",1,1,2,2019
Huelva,Media,"1,5","1,5",2,"1,4","2,7","3,2","3,2",4,"2,8",2,"1,3","1,1","2,2",2019
Huelva,Cuartil_3,"1,8",2,"2,5","1,8","3,1","3,7","3,6","4,5","3,6","2,6","1,6","1,1","3,1",2019
Huelva,Maximo,"2,3",2,"3,3","2,2","4,9","4,6","4,9",5,5,"4,4","2,2","1,5",5,2019
Huesca,Minimo,"1,1","1,1","1,2","1,1",1,"1,1","1,1",1,1,1,1,"1,1",1,2019
Huesca,Cuartil_1,"1,5","1,5","2,6","1,2","1,5","1,8",2,"2,9",2,"1,1","1,1","1,1","1,3",2019
Huesca,Mediana,"1,8","2,1","2,8","1,6",2,"2,6","2,8","3,3","2,5","1,6","1,1","1,1",2,2019
Huesca,Media,"1,9",2,"2,8","1,8",2,"2,7","3,1","3,3","2,6",2,"1,2","1,2","2,2",2019
Huesca,Cuartil_3,"2,1","2,4","3,2","2,3","2,6","3,6","4,4","4,2",3,3,"1,2","1,2","2,9",2019
Huesca,Maximo,3,3,"3,7","3,4",3,5,"4,8","4,6","4,5","3,8","1,7","1,4",5,2019
Jaen,Minimo,1,1,1,1,1,"2,6","2,1","1,5",1,1,1,1,1,2019
Jaen,Cuartil_1,"1,2","1,1",2,1,"1,8","3,5","3,8","4,1","1,3",1,1,1,1,2019
Jaen,Mediana,"1,7","1,6","2,4",1,"2,2","3,8","4,3","4,6","2,1",2,1,1,2,2019
Jaen,Media,"1,6","1,6","2,3","1,3","2,2","3,8","4,1","4,2","2,1","2,2",1,"1,1","2,3",2019
Jaen,Cuartil_3,"1,9",2,"2,7","1,6","2,6",4,"4,5","4,7","2,9","3,3",1,"1,2","3,4",2019
Jaen,Maximo,2,"2,5","3,5","2,4","3,6","4,5","4,9","4,9","3,9","3,8","1,1","1,8","4,9",2019
Leon,Minimo,"1,1","1,1","1,1","1,1","1,1",1,1,"1,3",1,1,1,"1,1",1,2019
Leon,Cuartil_1,"1,8","1,2","2,1","1,1","1,9","1,6","1,5","2,1","1,8",1,"1,1","1,1","1,2",2019
Leon,Mediana,"2,3","1,7","2,5","1,3","2,4","2,1","2,5","2,6",3,"1,2","1,1","1,2",2,2019
Leon,Media,"2,1","1,8","2,6","1,6","2,4","2,3","2,3","2,8","2,8","1,8","1,1","1,3","2,1",2019
Leon,Cuartil_3,"2,5","2,3",3,"2,1","2,9","2,7","2,7","3,3","3,6","2,4","1,1","1,4","2,7",2019
Leon,Maximo,"3,2","3,4","4,6","2,7","3,5","4,6","3,9","4,6","4,7","4,2","1,3","2,1","4,7",2019
Lleida,Minimo,"1,1","1,1","1,6","1,1","1,1","1,1","1,1","1,1","1,1","1,1","1,1","1,1","1,1",2019
Lleida,Cuartil_1,"1,8","1,6","2,8","1,4","1,4","1,8",2,"3,1","1,5","1,5","1,1","1,1","1,4",2019
Lleida,Mediana,"2,1","2,3","3,1","1,6",2,"3,1","3,3","3,7","2,4","2,3","1,2","1,2","2,3",2019
Lleida,Media,"2,1","2,2","3,1",2,2,3,"3,2","3,6","2,4","2,3","1,3","1,2","2,4",2019
Lleida,Cuartil_3,"2,5","2,7","3,4","2,4","2,5",4,"4,3","4,3","3,1","3,2","1,5","1,3","3,2",2019
Lleida,Maximo,3,"3,4",4,"4,1","3,7","4,9","4,9","4,7",4,"4,2","2,1","1,5","4,9",2019
La Rioja,Minimo,1,1,"1,3",1,1,1,1,"1,1",1,1,1,1,1,2019
La Rioja,Cuartil_1,"1,1","1,2",2,1,"1,3","1,2","1,7",2,"1,3","1,2",1,1,"1,1",2019
La Rioja,Mediana,"1,8","2,2","2,9","1,1",2,"2,6","2,3","3,1","2,1","1,8",1,"1,2","1,9",2019
La Rioja,Media,"1,8",2,"2,7","1,4",2,"2,6","2,4","2,9","2,1","2,1","1,1","1,3",2,2019
La Rioja,Cuartil_3,"2,4","2,6","3,3","1,5","2,4","3,4","3,1","3,6","2,7","2,8","1,2","1,5","2,8",2019
La Rioja,Maximo,"3,2","3,5","3,9",3,"3,6","4,9","4,6","4,8","3,6","4,2",2,"2,2","4,9",2019
Lugo,Minimo,1,1,1,1,1,1,1,"1,1","1,1",1,1,1,1,2019
Lugo,Cuartil_1,1,"1,1","1,4","1,1","1,8","1,1","1,8","1,7","1,7",1,1,1,"1,1",2019
Lugo,Mediana,"1,6",2,"2,3","1,4","2,4","1,3","2,3","2,3",2,"1,2",1,"1,1","1,7",2019
Lugo,Media,"1,6","1,9","2,3","1,7","2,3","1,6","2,4","2,3","2,4","1,4",1,"1,2","1,9",2019
Lugo,Cuartil_3,"2,1","2,5","3,1","2,2","2,8","1,9","2,9",3,"3,4","1,8",1,"1,4","2,4",2019
Lugo,Maximo,"2,3",4,"3,8","3,3","4,2","4,8","3,7","4,4","4,3","3,7","1,5",2,"4,8",2019
Madrid,Minimo,1,1,1,1,"1,1","1,6","1,8",1,1,1,1,1,1,2019
Madrid,Cuartil_1,"1,5","1,3","2,1",1,"1,6","2,6","2,9","2,8","1,1",1,1,1,"1,1",2019
Madrid,Mediana,"1,7",2,"2,5",1,2,"3,2","3,5","3,6","2,1",1,1,1,2,2019
Madrid,Media,"1,7","1,8","2,3","1,3",2,"3,2","3,4","3,5","2,2","1,6","1,2","1,1","2,1",2019
Madrid,Cuartil_3,2,"2,2","2,8","1,7","2,2","3,7",4,"4,3",3,"2,2","1,3","1,1","2,7",2019
Madrid,Maximo,"2,3","2,3",3,"2,4","2,8","4,8","4,8",5,"4,5","2,6","1,6","1,4",5,2019
Malaga,Minimo,1,1,1,1,"1,1","2,2","2,3","1,2",1,1,1,1,1,2019
Malaga,Cuartil_1,"1,3","1,4","1,6",1,2,"3,5","3,9","3,3","1,3","1,7","1,1",1,"1,3",2019
Malaga,Mediana,"1,5","1,7",2,1,"2,6","3,9","4,2","4,2","2,2","2,5","1,2","1,2",2,2019
Malaga,Media,"1,6","1,7",2,"1,4","2,6","3,8","4,1","3,9","2,2","2,5","1,3","1,3","2,4",2019
Malaga,Cuartil_3,"1,9","1,8","2,3",2,"3,2","4,2","4,5","4,5","2,7","3,5","1,5","1,4","3,4",2019
Malaga,Maximo,"2,1","2,3","3,2","2,6","4,1","4,6","4,8",5,"4,2","4,3","1,9",2,5,2019
Murcia,Minimo,1,"1,3",1,1,1,"1,3",1,1,1,1,1,1,1,2019
Murcia,Cuartil_1,"1,5","1,6","1,9",1,"1,1","2,6","3,3",2,1,"1,1","1,4",1,"1,3",2019
Murcia,Mediana,"1,7","1,9","2,5","1,1","1,5","2,8","3,9","3,2","1,1","1,7",2,"1,2","1,8",2019
Murcia,Media,"1,8",2,"2,4","1,4","1,6","2,9","3,8","3,1","1,3","1,7",2,"1,3","2,1",2019
Murcia,Cuartil_3,"2,2","2,3","2,8","1,6","1,8","3,2","4,4","4,1","1,6","2,3","2,5","1,4","2,7",2019
Murcia,Maximo,"2,8",3,4,"2,5","3,7","4,5","4,9","4,8","2,3","3,2",3,2,"4,9",2019
Navarra,Minimo,1,1,"1,1",1,1,1,1,"1,2","1,1",1,1,1,1,2019
Navarra,Cuartil_1,"1,1",1,"1,7","1,1","1,2","1,4","2,1",2,2,1,1,1,"1,1",2019
Navarra,Mediana,"1,5","2,2","2,4","1,2","1,5","2,4","2,5","2,9","2,5","1,5",1,"1,2","1,8",2019
Navarra,Media,"1,6","1,9","2,3","1,5","1,8","2,6","2,7","2,8","2,5","1,8","1,1","1,3",2,2019
Navarra,Cuartil_3,2,"2,6","2,9","1,9","2,2","3,7","3,4","3,5","2,9","2,3",1,"1,4","2,6",2019
Navarra,Maximo,"2,8","3,2","3,8","3,3","3,6",5,5,"4,3",4,"3,7","1,4","2,3",5,2019
Ourense,Minimo,1,1,1,1,1,1,1,"1,1",1,1,1,1,1,2019
Ourense,Cuartil_1,"1,1",1,"1,6",1,"1,8","1,1","1,8","1,8","1,6",1,1,1,1,2019
Ourense,Mediana,"1,9","1,8","2,1","1,2","2,7","1,7","2,1","2,4","2,5","1,1",1,1,"1,8",2019
Ourense,Media,"1,7","1,8","2,3","1,5","2,4","1,9","2,3","2,4","2,5","1,5",1,"1,2","1,9",2019
Ourense,Cuartil_3,"2,3","2,4","2,9",2,"2,9","2,1","2,9",3,"3,5",2,1,"1,3","2,4",2019
Ourense,Maximo,"2,4","3,1",4,"2,5","3,8","4,2","3,7","4,5","4,7","3,3","1,1","1,9","4,7",2019
Asturias,Minimo,"1,1","1,1","1,1","1,1",1,1,1,1,1,1,1,"1,1",1,2019
Asturias,Cuartil_1,"1,1","1,4","1,8","1,2","1,5","1,1","1,7","1,8","1,6","1,1","1,1","1,1","1,2",2019
Asturias,Mediana,"1,9","2,1","2,7","1,6","2,1","1,3","2,3","2,3","2,1","1,7","1,1","1,3","1,8",2019
Asturias,Media,"1,8","2,3","2,6","1,8","2,2","1,7","2,3","2,5","2,1","1,9","1,2","1,6",2,2019
Asturias,Cuartil_3,"2,5","3,1","3,5","2,3","2,8","2,1","2,9","3,2","2,6","2,4","1,1","1,8","2,6",2019
Asturias,Maximo,"3,3","4,2","4,6","3,1","3,9","4,4",4,"4,3","3,2","4,1","2,1","2,9","4,6",2019
Palencia,Minimo,1,1,1,1,1,1,1,1,1,1,1,1,1,2019
Palencia,Cuartil_1,"1,4","1,1","2,1",1,"1,5","1,4","1,8","2,2","1,8",1,1,1,"1,1",2019
Palencia,Mediana,"1,9","1,7","2,5","1,3",2,"2,5","2,5",3,"2,4","1,2",1,"1,1","1,9",2019
Palencia,Media,"1,8","1,8","2,5","1,6","2,1","2,6","2,4","2,8","2,8","1,9",1,"1,1",2,2019
Palencia,Cuartil_3,"2,2","2,3","3,1","2,1","2,8","3,7",3,"3,7","3,8","2,6",1,"1,2","2,7",2019
Palencia,Maximo,"2,5","2,9","4,3","2,8","3,7","4,7","3,8","4,4","4,5","4,3","1,1","1,6","4,7",2019
Las Palmas,Minimo,1,"1,1",1,"1,1","1,7","1,3","1,9","1,6","1,3","1,4",1,1,1,2019
Las Palmas,Cuartil_1,"1,2","1,9","1,4","1,5","2,2","1,6","2,7","2,3","1,9","1,8","1,2","1,1","1,6",2019
Las Palmas,Mediana,"1,5","2,2","1,9","1,8","2,5","2,3",3,"2,9","2,3","2,3","2,3","1,3","2,2",2019
Las Palmas,Media,"1,5","2,3",2,2,"2,6","2,4",3,3,"2,3","2,4","2,3","1,5","2,3",2019
Las Palmas,Cuartil_3,"1,7","2,9","2,3","2,5",3,"2,9","3,4","3,7","2,6","2,7","3,1","1,9","2,9",2019
Las Palmas,Maximo,"2,9","4,3","3,5","3,5",4,"3,8","4,2","4,5","3,9","4,3","4,2","2,9","4,5",2019
Pontevedra,Minimo,1,1,1,1,1,1,1,1,1,1,1,1,1,2019
Pontevedra,Cuartil_1,1,1,"1,1",1,"1,7","1,1","1,6","1,8",1,1,1,1,1,2019
Pontevedra,Mediana,"1,6","1,6",2,"1,2","2,7","1,6","2,2","2,4","3,4",1,1,1,"1,6",2019
Pontevedra,Media,"1,6","1,7","2,2","1,6","2,4","1,7","2,2","2,3","2,8","1,2",1,"1,2","1,8",2019
Pontevedra,Cuartil_3,"2,1","2,3","2,9",2,3,"1,9","2,9","2,9","4,1","1,2",1,"1,5","2,3",2019
Pontevedra,Maximo,"2,5",3,"4,1",3,"4,2","4,3","3,5","3,6",5,"2,2",1,2,5,2019
Salamanca,Minimo,1,1,1,1,"1,2",1,1,1,1,1,1,1,1,2019
Salamanca,Cuartil_1,"1,1","1,1",2,1,2,"1,6","2,2","2,2","1,2",1,1,1,1,2019
Salamanca,Mediana,"1,5","1,8","2,1","1,2","2,1","2,3","2,5",3,"2,2",1,1,1,"1,9",2019
Salamanca,Media,"1,5","1,6","2,1","1,4","2,2","2,3","2,5","2,6","2,5","1,7",1,1,"1,9",2019
Salamanca,Cuartil_3,"1,9",2,"2,4","1,8","2,5","2,9","2,9","3,1","3,7",2,1,1,"2,4",2019
Salamanca,Maximo,2,"2,8",3,"2,5","3,5","3,7","3,8","3,6","4,9","4,4",1,"1,2","4,9",2019
Santa Cruz de Tenerife,Minimo,"1,1","1,2",1,1,"1,8","1,7","2,1","2,6","1,9","1,5","1,3","1,1",1,2019
Santa Cruz de Tenerife,Cuartil_1,"1,4","1,7","1,4","1,3","2,6","2,4","2,8","3,1","2,6","2,1","1,5","1,2","1,7",2019
Santa Cruz de Tenerife,Mediana,"2,3","2,5","2,2","1,8","2,9","2,6",3,"3,3","2,8","2,4","1,8","1,4","2,6",2019
Santa Cruz de Tenerife,Media,"2,2","2,6",2,"1,7","2,8","2,7","3,1","3,4","2,9","2,6",2,"1,7","2,5",2019
Santa Cruz de Tenerife,Cuartil_3,3,"3,2","2,5","2,1",3,"2,8","3,3","3,6","3,4","2,9","2,5","2,1",3,2019
Santa Cruz de Tenerife,Maximo,"3,8","4,8","3,1","2,5","3,3","4,4","4,1","4,6","3,8","4,5","3,1","3,3","4,8",2019
Cantabria,Minimo,"1,1","1,1","1,1","1,1",1,1,1,1,1,1,"1,1","1,1",1,2019
Cantabria,Cuartil_1,"1,1","1,6","1,7","1,1","1,3","1,1","1,8",2,"1,3","1,1","1,1","1,1","1,1",2019
Cantabria,Mediana,"1,2","2,1","2,5","1,6","1,8","2,2","2,4","2,8","1,8","1,8","1,1","1,3","1,8",2019
Cantabria,Media,"1,5","2,4","2,5","1,7",2,"2,4","2,5","2,7","1,9","1,9","1,2","1,6",2,2019
Cantabria,Cuartil_3,"1,8","3,3","3,1","2,1","2,3","3,7","3,3","3,6","2,4","2,3","1,3","1,9","2,7",2019
Cantabria,Maximo,"2,9","4,2","4,3",3,"3,8","4,2","4,5","4,4","3,7","4,7","1,9","2,7","4,7",2019
Segovia,Minimo,1,1,1,1,"1,1",1,"1,2","1,1",1,1,1,1,1,2019
Segovia,Cuartil_1,1,"1,3","2,3",1,"1,6","2,2","2,2","2,9","1,6",1,1,1,1,2019
Segovia,Mediana,"1,8",2,"2,8","1,2","2,1","3,3",3,"3,4","2,5","1,2",1,1,2,2019
Segovia,Media,"1,6",2,"2,6","1,4",2,"3,1",3,"3,3","2,5","1,9",1,"1,2","2,1",2019
Segovia,Cuartil_3,2,"2,5",3,"1,9","2,3","3,9","3,9",4,"3,2","2,6",1,"1,2",3,2019
Segovia,Maximo,"2,1","3,1","3,4","2,7","3,7",5,"4,8",5,"4,8","4,4","1,4","1,9",5,2019
Sevilla,Minimo,1,1,1,1,1,"2,5","1,6","1,2",1,1,1,1,1,2019
Sevilla,Cuartil_1,"1,2","1,1","1,6",1,"2,1","2,8","2,6","3,2","1,3","1,2",1,1,"1,1",2019
Sevilla,Mediana,"1,5","1,5",2,1,"2,6","3,1","3,1","3,5","1,8","1,8",1,1,"1,9",2019
Sevilla,Media,"1,5","1,5",2,"1,4","2,6","3,2","3,1","3,6","2,2","1,8","1,2","1,1","2,1",2019
Sevilla,Cuartil_3,"1,7","1,9","2,3","1,8","3,1","3,5","3,6",4,"3,1","2,2","1,5",1,"2,9",2019
Sevilla,Maximo,2,"2,2","3,2","2,3","4,6","4,2","4,4","4,8","4,6","3,2","2,2","1,9","4,8",2019
Soria,Minimo,1,1,1,1,1,1,"1,1",1,1,1,1,1,1,2019
Soria,Cuartil_1,"1,3","1,2","2,3",1,"1,1","1,7","1,7","2,5","1,3",1,1,1,1,2019
Soria,Mediana,"2,1","2,1","2,9",1,"1,8","2,8","2,4","3,3","2,1","1,6",1,1,"1,9",2019
Soria,Media,"1,9",2,"2,7","1,3","1,8","2,6","2,4",3,"2,2","1,9",1,"1,1",2,2019
Soria,Cuartil_3,"2,3","2,6","3,1","1,4","2,5","3,1","3,1","3,7","2,9","2,8",1,"1,1","2,8",2019
Soria,Maximo,"2,8","3,1","3,5","2,4","3,3","4,7",4,"4,5","4,2","3,1","1,4","1,5","4,7",2019
Tarragona,Minimo,1,"1,1","1,2",1,1,1,1,1,1,1,1,1,1,2019
Tarragona,Cuartil_1,"1,5","1,8","2,3","1,2","1,4","2,6","2,7","2,6","1,3",1,1,1,"1,3",2019
Tarragona,Mediana,"2,2","2,1","3,2","1,7",2,3,"3,5","3,7","2,1","1,7","1,5",1,"2,2",2019
Tarragona,Media,"2,3","2,2",3,"1,9",2,3,"3,4","3,3",2,"1,9","1,6","1,2","2,3",2019
Tarragona,Cuartil_3,"2,9","2,5","3,5","2,7","2,6","3,6","4,2","4,3","2,6","2,5",2,"1,1","3,1",2019
Tarragona,Maximo,"3,9","3,5","4,5","3,8","3,6","4,6","4,6","4,8",4,"4,5","3,1","2,6","4,8",2019
Teruel,Minimo,1,"1,1","1,1",1,1,"1,1",1,"1,1",1,1,1,1,1,2019
Teruel,Cuartil_1,"1,4","1,5","2,7",1,"1,3","2,2","1,8","2,6","1,2","1,3","1,2","1,1","1,3",2019
Teruel,Mediana,"1,8","1,8","2,9","1,1",2,"2,8","2,8","3,8","1,9","2,2","1,4","1,2","1,9",2019
Teruel,Media,"1,8","1,9","2,8","1,4","1,8","2,8","2,9","3,3","1,9","2,2","1,5","1,3","2,1",2019
Teruel,Cuartil_3,"2,2","2,4",3,"1,7","2,2","3,5","4,2","4,1","2,5",3,"1,7","1,4","2,8",2019
Teruel,Maximo,"2,9",3,"3,6","2,6",3,"4,8","4,8","4,9","3,7",4,"2,7","1,7","4,9",2019
Toledo,Minimo,1,1,1,1,1,"2,2",2,"1,3",1,1,1,1,1,2019
Toledo,Cuartil_1,"1,3","1,4","2,2",1,2,"3,2","3,4","3,5","1,1",1,1,1,"1,1",2019
Toledo,Mediana,"1,6","1,9","2,5","1,1","2,3","3,4","3,9","4,1",2,"1,1",1,1,2,2019
Toledo,Media,"1,6","1,8","2,4","1,4","2,4","3,6","3,8","3,9","2,3","1,5","1,1",1,"2,2",2019
Toledo,Cuartil_3,"1,9","2,1","2,9",2,3,4,"4,2","4,5",3,"2,1","1,1",1,"3,2",2019
Toledo,Maximo,"2,1","2,5","3,5","2,7","3,7",5,"4,9",5,5,3,"1,7","1,5",5,2019
Valencia,Minimo,1,"1,5",1,1,1,"1,1",1,1,1,1,1,1,1,2019
Valencia,Cuartil_1,"1,6","1,7","2,4",1,1,"2,2","2,8","2,2",1,1,"1,6",1,"1,2",2019
Valencia,Mediana,"1,9",2,"2,8","1,1","1,3","2,5","3,6","3,3","1,1","1,6","1,8","1,1",2,2019
Valencia,Media,"1,9","2,1","2,7","1,4","1,5","2,6","3,3","3,1","1,4","1,8","1,9","1,2","2,1",2019
Valencia,Cuartil_3,"2,2","2,3",3,"1,7","1,9",3,"3,9",4,"1,8","2,5","2,3","1,5","2,7",2019
Valencia,Maximo,"3,5","3,3","4,5","3,1","3,6","4,4","4,4",5,"2,7","3,1","2,8","1,8",5,2019
Valladolid,Minimo,1,1,1,1,"1,4",1,1,"1,1",1,1,1,1,1,2019
Valladolid,Cuartil_1,"1,1","1,2",2,1,"1,7",2,"2,1","2,3","1,8",1,1,1,1,2019
Valladolid,Mediana,"1,3","1,8","2,3","1,2","2,1","2,9","2,5","3,1","2,2",1,1,1,"1,9",2019
Valladolid,Media,"1,4","1,7","2,4","1,6","2,2","2,8","2,5","2,9","2,8","1,7",1,1,2,2019
Valladolid,Cuartil_3,"1,7",2,"2,8",2,"2,5","3,6",3,"3,4","3,8","2,2",1,1,"2,6",2019
Valladolid,Maximo,2,"2,5","3,3","2,9","3,8","4,7","3,8","4,7",5,"3,9","1,1","1,6",5,2019
Bizkaia,Minimo,1,1,1,1,1,1,1,1,1,1,1,1,1,2019
Bizkaia,Cuartil_1,1,1,"1,7","1,1",1,"1,1","1,9","1,3","1,5",1,1,1,1,2019
Bizkaia,Mediana,1,2,"2,4","1,6","1,4",2,"2,6","2,5",2,"1,5",1,1,"1,7",2019
Bizkaia,Media,"1,1","2,3","2,4","1,6","1,7","2,3","2,4","2,4","2,1","1,8","1,1","1,5","1,9",2019
Bizkaia,Cuartil_3,1,"3,2",3,2,"2,1","3,2","3,1",3,"2,4","2,4",1,2,"2,5",2019
Bizkaia,Maximo,"1,9","4,9","4,9",3,"3,3","4,4",5,"4,1","4,2","4,7",2,"2,8",5,2019
Zamora,Minimo,1,1,1,1,"1,1",1,1,1,1,1,1,1,1,2019
Zamora,Cuartil_1,"1,4",1,2,1,"1,9","1,7","1,7","2,3","1,5",1,1,1,"1,1",2019
Zamora,Mediana,"1,7","1,5","2,1","1,2","2,2","2,3","2,4","2,7","2,3",1,1,1,"1,9",2019
Zamora,Media,"1,6","1,5","2,2","1,5","2,2","2,4","2,2","2,6","2,7","1,7","1,1","1,1","1,9",2019
Zamora,Cuartil_3,"1,8",2,"2,6",2,"2,5","2,9","2,7","3,1","3,7","2,3","1,1","1,1","2,5",2019
Zamora,Maximo,"2,2","2,7","3,4","2,8","3,4","4,6","3,5","3,7","4,8","4,3","1,2","1,2","4,8",2019
Zaragoza,Minimo,1,1,"1,3",1,1,1,"1,1",1,1,1,1,1,1,2019
Zaragoza,Cuartil_1,"1,2","1,1","2,4",1,"1,7","2,1",2,"2,8","1,6",1,1,1,"1,1",2019
Zaragoza,Mediana,"1,4","1,5","2,6","1,1","2,1","2,8",3,"3,2","2,2","1,5",1,1,"1,9",2019
Zaragoza,Media,"1,6","1,6","2,7","1,5","2,2","2,9","2,9","3,2","2,3",2,"1,1",1,"2,1",2019
Zaragoza,Cuartil_3,"1,9","1,9",3,"1,9","2,6","3,7","3,8","3,9",3,"2,8","1,1",1,"2,8",2019
Zaragoza,Maximo,"2,5","2,9",4,3,"3,7",5,"4,6","4,5","4,7","3,9",2,"1,3",5,2019
Araba,Minimo,1,1,1,1,1,1,1,1,1,1,1,1,1,2020
Araba,Cuartil_1,1,"1,6",1,1,"1,6",1,"2,7","1,9",1,1,1,1,1,2020
Araba,Mediana,"1,3",2,"1,5","1,1",2,"1,3","3,4","3,9","3,5",1,"1,1",1,"1,5",2020
Araba,Media,"1,4",2,"1,6","1,4","2,2","1,6","3,4","3,4",3,1,"1,2",1,"1,9",2020
Araba,Cuartil_3,"1,8","2,3",2,"1,7",3,"1,8","4,3","4,7","4,6",1,"1,4",1,"2,3",2020
Araba,Maximo,"2,1","3,1","2,8","2,9","3,6","3,1",5,5,5,"1,8","2,3","1,2",5,2020
Albacete,Minimo,1,1,1,1,1,1,1,"1,7",1,1,1,1,1,2020
Albacete,Cuartil_1,1,1,1,1,"1,4","1,8","2,3","2,8","1,6",1,1,1,1,2020
Albacete,Mediana,"1,1","1,1","1,1",1,2,"2,2","3,2","3,6","2,2","1,1",1,1,"1,4",2020
Albacete,Media,"1,2","1,5","1,5","1,1","1,8","2,2","3,2","3,5","2,3","1,5",1,1,"1,8",2020
Albacete,Cuartil_3,"1,5","1,8","2,2",1,"2,1","2,7","4,1","4,1","2,8","1,6",1,1,"2,3",2020
Albacete,Maximo,2,"2,8","2,6","1,7",3,"3,8","4,8","4,9","4,2","4,7","1,6",1,"4,9",2020
Alicante,Minimo,1,1,1,1,1,1,2,1,1,1,1,1,1,2020
Alicante,Cuartil_1,1,1,1,1,"1,1","1,4","2,5","2,4","1,2","1,2",1,1,1,2020
Alicante,Mediana,"1,1","1,4",1,1,"1,9",2,"3,4","3,5",2,"1,6",1,1,"1,4",2020
Alicante,Media,"1,2","1,6","1,9","1,1","1,8","1,9","3,2","3,1","2,2","1,9","1,1","1,2","1,8",2020
Alicante,Cuartil_3,"1,3","1,8","2,5",1,"2,1","2,3","3,8","4,1","2,8","2,2",1,"1,2","2,4",2020
Alicante,Maximo,"2,2",3,"4,7","1,9",3,"3,3","4,4","4,6","4,9","4,9","1,6","2,3","4,9",2020
Almeria,Minimo,1,"1,1",1,1,1,1,2,"1,6",1,1,1,1,1,2020
Almeria,Cuartil_1,1,"1,2",1,1,"1,1","1,7","2,8","3,2","1,4","1,1",1,1,1,2020
Almeria,Mediana,"1,2","1,3","1,3",1,"1,9","2,1","3,4","3,7","2,3","1,6",1,1,"1,5",2020
Almeria,Media,"1,3","1,5","1,7",1,"1,8","2,1","3,3","3,6","2,2","1,7","1,1","1,1","1,9",2020
Almeria,Cuartil_3,"1,4","1,6","2,3",1,"2,1","2,4","3,7","4,1","2,7","2,3","1,1","1,2","2,4",2020
Almeria,Maximo,2,"2,5","3,5","1,3","3,2","3,3","4,7","4,7","4,2","3,7",2,"1,6","4,7",2020
Avila,Minimo,1,1,1,1,1,1,"1,5",1,1,1,1,1,1,2020
Avila,Cuartil_1,1,"1,5",1,1,"1,1","1,1","3,1","2,7",1,1,1,1,1,2020
Avila,Mediana,"1,7","1,7","1,3",1,"1,8","1,7","3,7",4,2,1,1,1,"1,2",2020
Avila,Media,"1,5","1,8","1,5",1,"1,7","1,6","3,6","3,5","2,3",1,1,1,"1,8",2020
Avila,Cuartil_3,"1,9","2,2","1,9",1,2,2,"4,3","4,5","3,7",1,1,1,"2,1",2020
Avila,Maximo,"2,1","2,8","2,4","1,6","2,7","2,9",5,"4,9","4,6","2,3",1,1,5,2020
Badajoz,Minimo,1,1,1,1,1,1,"1,4",1,1,1,1,1,1,2020
Badajoz,Cuartil_1,1,1,"1,1",1,"1,2","1,8","3,1","2,6",1,1,1,1,1,2020
Badajoz,Mediana,1,1,"1,4",1,"1,9","2,2","3,8","3,3","1,8",1,1,1,"1,2",2020
Badajoz,Media,"1,1","1,3","1,5",1,"1,7","2,4","3,7","3,3","2,3","1,3",1,1,"1,8",2020
Badajoz,Cuartil_3,"1,2","1,9","1,9",1,"2,1",3,"4,3",4,"3,6","1,2",1,1,"2,2",2020
Badajoz,Maximo,"1,6",2,"2,3","1,3","2,6","4,1",5,5,"4,8","4,6",1,1,5,2020
Illes Balears,Minimo,1,"1,1",1,1,1,1,"1,4","1,1",1,1,1,1,1,2020
Illes Balears,Cuartil_1,1,"1,3",1,1,"1,6","1,1","2,4","2,3",1,1,1,1,1,2020
Illes Balears,Mediana,"1,1","1,5","1,7",1,2,"1,6","3,1","2,6","1,1","1,1",1,1,"1,4",2020
Illes Balears,Media,"1,2","1,7","1,7","1,3",2,"1,7",3,"2,7","1,5","1,3","1,3","1,1","1,7",2020
Illes Balears,Cuartil_3,"1,3",2,"2,2","1,6","2,3","2,1","3,5","2,8","1,8","1,2","1,4","1,1","2,1",2020
Illes Balears,Maximo,"2,2",3,"3,1","2,6","2,9","2,7","4,6","4,7","4,4","4,4","2,7","1,9","4,7",2020
Barcelona,Minimo,1,"1,2",1,1,1,1,1,1,1,1,1,1,1,2020
Barcelona,Cuartil_1,"1,1","1,5",1,1,"1,3",1,"2,1","2,9",1,1,1,1,1,2020
Barcelona,Mediana,"1,2","2,1","1,6","1,4","2,6","1,2","2,9","3,8","1,3",1,1,1,"1,4",2020
Barcelona,Media,"1,3","2,1","1,8","1,6","2,3","1,5","2,9","3,5","1,4","1,1","1,1",1,"1,8",2020
Barcelona,Cuartil_3,"1,5","2,4","2,4","2,1",3,"1,8","3,8","4,3","1,7","1,1","1,1",1,"2,3",2020
Barcelona,Maximo,"2,2","3,5",3,"3,3","3,5","2,9","4,8",5,"3,1",2,"1,5","1,4",5,2020
Burgos,Minimo,1,"1,1",1,1,1,1,1,1,1,1,1,1,1,2020
Burgos,Cuartil_1,"1,1","1,4","1,4",1,"1,3",1,3,"1,6",1,1,1,1,1,2020
Burgos,Mediana,"1,4",2,"1,6",1,2,"1,1","3,3","3,3","2,9",1,1,1,"1,3",2020
Burgos,Media,"1,5","1,8","1,7","1,2",2,"1,4","3,3",3,"2,5",1,"1,1",1,"1,8",2020
Burgos,Cuartil_3,"1,8","2,2",2,"1,3","2,6","1,6","3,8",4,"3,7",1,"1,1",1,"2,2",2020
Burgos,Maximo,"2,2","2,7","2,6","2,5","3,1","2,7","4,9",5,"4,8","2,2","1,5","1,3",5,2020
Caceres,Minimo,1,1,1,1,1,"1,2","1,2","1,1",1,1,1,1,1,2020
Caceres,Cuartil_1,1,1,1,1,1,"1,6","3,5","2,8",1,1,1,1,1,2020
Caceres,Mediana,"1,1","1,1","1,5",1,"1,6",2,"3,9","3,7","1,6",1,1,1,"1,1",2020
Caceres,Media,"1,1","1,3","1,4",1,"1,6","2,2","3,8","3,4","2,4","1,1",1,1,"1,8",2020
Caceres,Cuartil_3,"1,1","1,7","1,8",1,2,"2,6","4,2","4,2","3,8",1,1,1,2,2020
Caceres,Maximo,"1,5",2,"1,9","1,9","2,2","3,9",5,5,"4,9","2,5",1,1,5,2020
Cadiz,Minimo,1,1,1,1,1,1,"1,4",1,1,1,1,1,1,2020
Cadiz,Cuartil_1,1,"1,2",1,1,1,"1,4","2,3","2,4","1,4",1,1,1,1,2020
Cadiz,Mediana,"1,1","1,4","1,2",1,"1,9",2,"2,9","2,8","2,2","1,1",1,1,"1,2",2020
Cadiz,Media,"1,1","1,5","1,4","1,1","1,8",2,3,"2,8","2,4","1,6",1,1,"1,7",2020
Cadiz,Cuartil_3,"1,2","1,8","1,9",1,"2,3","2,1","3,6","3,5","3,5","1,8",1,1,"2,2",2020
Cadiz,Maximo,"1,8","2,1","2,5","1,4","3,2","3,9","4,7","4,8","4,8","4,3",1,1,"4,8",2020
Castellon,Minimo,1,"1,1",1,1,1,1,1,"1,3",1,1,1,1,1,2020
Castellon,Cuartil_1,1,"1,4",1,1,"1,2","1,1","1,8","3,1","1,9","1,3",1,1,1,2020
Castellon,Mediana,"1,4","1,6","1,2",1,"2,1","1,6","2,3","3,6",3,"1,8",1,1,"1,5",2020
Castellon,Media,"1,5","1,9","1,8","1,1","1,8","1,6","2,5","3,4","2,9",2,"1,1",1,"1,9",2020
Castellon,Cuartil_3,"1,8","2,2","2,7",1,"2,3",2,"3,2",4,"3,7","2,6",1,1,"2,4",2020
Castellon,Maximo,"2,6","3,6","3,9","1,7","2,8","2,7","4,1","4,6","4,6","3,8","1,9","1,3","4,6",2020
Ciudad Real,Minimo,1,1,1,1,1,1,"1,5",1,1,1,1,1,1,2020
Ciudad Real,Cuartil_1,1,1,1,1,"1,2","1,8",3,2,1,1,1,1,1,2020
Ciudad Real,Mediana,1,1,"1,5",1,2,"2,3","3,6","2,9","1,6",1,1,1,"1,1",2020
Ciudad Real,Media,"1,1","1,3","1,5","1,1","1,8","2,2","3,6",3,"1,8","1,3",1,1,"1,7",2020
Ciudad Real,Cuartil_3,"1,1",2,"1,9",1,2,"2,6","4,2","3,9","2,1","1,1",1,1,"2,1",2020
Ciudad Real,Maximo,"1,7","2,1","2,1","1,5",3,"3,7","4,9",5,"4,2",4,1,1,5,2020
Cordoba,Minimo,1,1,1,1,1,"1,1","2,1",1,1,1,1,1,1,2020
Cordoba,Cuartil_1,1,1,1,1,"1,1","1,9","3,3","2,1","1,1",1,1,1,1,2020
Cordoba,Mediana,1,"1,1","1,5",1,2,"2,4","3,8","3,4","1,4",1,1,1,"1,1",2020
Cordoba,Media,"1,1","1,4","1,5",1,"1,8","2,5","3,7",3,"1,8","1,3",1,1,"1,8",2020
Cordoba,Cuartil_3,"1,2","1,8","1,9",1,"2,1",3,"4,2",4,"2,3","1,2",1,1,"2,2",2020
Cordoba,Maximo,"1,7","2,1","2,4","1,2","3,1","4,6",5,5,"4,4","4,1",1,1,5,2020
A Coruña,Minimo,1,1,1,1,1,1,2,1,1,1,1,1,1,2020
A Coruña,Cuartil_1,1,1,"1,1",1,"1,8","1,4","3,6",1,1,1,1,1,1,2020
A Coruña,Mediana,"1,6","1,4","1,7","1,2","2,5",2,4,"1,2","1,8",1,1,1,"1,3",2020
A Coruña,Media,"1,5","1,6","1,8","1,4","2,6","1,9","3,9","2,2","2,2",1,1,1,"1,8",2020
A Coruña,Cuartil_3,"1,8",2,2,"1,6","3,5","2,4","4,4","3,8","3,6",1,1,1,"2,2",2020
A Coruña,Maximo,"2,3","2,7","4,2","3,7","4,8","2,9",5,"4,7","4,4","1,5","1,5","1,3",5,2020
Cuenca,Minimo,1,1,1,1,1,1,"1,1",1,1,1,1,1,1,2020
Cuenca,Cuartil_1,1,"1,1",1,1,"1,2","1,5","2,5","2,9","1,2",1,1,1,1,2020
Cuenca,Mediana,"1,2","1,2","1,1",1,"1,9",2,"3,4","3,5","1,7",1,1,1,"1,2",2020
Cuenca,Media,"1,3","1,5","1,3","1,1","1,8",2,"3,2","3,4","2,1","1,1",1,1,"1,7",2020
Cuenca,Cuartil_3,"1,6",2,"1,6",1,"2,1","2,6",4,"4,2","2,8",1,1,1,"2,1",2020
Cuenca,Maximo,"2,1","2,6","2,1","1,6","3,1","3,7",5,5,"4,7","2,3",1,1,5,2020
Girona,Minimo,1,"1,2",1,1,1,1,"1,1",1,1,1,1,1,1,2020
Girona,Cuartil_1,"1,1","1,7","1,1",1,"1,4",1,"1,7","2,6",1,1,1,1,1,2020
Girona,Mediana,"1,4","2,3","1,7","1,2","2,6","1,1","2,3","3,5","1,2",1,"1,1",1,"1,4",2020
Girona,Media,"1,6","2,1","1,7","1,6","2,3","1,4","2,4","3,2","1,4","1,1","1,2",1,"1,8",2020
Girona,Cuartil_3,"1,9","2,5","2,1","2,3","3,1","1,5","2,8",4,"1,8",1,"1,3",1,"2,3",2020
Girona,Maximo,"2,5","3,1","2,7","3,4","3,8","2,8","4,4","4,9","2,5","1,5","2,5","1,1","4,9",2020
Granada,Minimo,1,"1,1",1,1,1,"1,1","1,4","2,8",1,1,1,1,1,2020
Granada,Cuartil_1,1,"1,4",1,1,"1,1","1,6","3,2","3,7","1,6",1,1,1,1,2020
Granada,Mediana,"1,4","1,5","1,7",1,"1,7","2,1","3,6","4,2","2,3","1,1",1,1,"1,5",2020
Granada,Media,"1,3","1,7","1,6",1,"1,7","2,1","3,6","4,1","2,4","1,5",1,1,"1,9",2020
Granada,Cuartil_3,"1,5","1,9","2,1",1,2,"2,5",4,"4,5","2,9","1,4",1,1,"2,3",2020
Granada,Maximo,2,"2,4","2,3","1,4","2,9",3,"4,7",5,"4,1","3,7","1,7",1,5,2020
Guadalajara,Minimo,1,1,1,1,1,1,"1,4",1,1,1,1,1,1,2020
Guadalajara,Cuartil_1,1,"1,2",1,1,"1,1",1,"2,4","2,7",1,1,1,1,1,2020
Guadalajara,Mediana,"1,4","1,3","1,2",1,"1,5","1,3","3,5","3,8","2,1",1,1,1,"1,2",2020
Guadalajara,Media,"1,4","1,6","1,3",1,"1,7","1,5","3,3","3,5","2,1",1,1,1,"1,7",2020
Guadalajara,Cuartil_3,"1,7","2,1","1,5",1,"2,1","1,9","4,1","4,3","2,8",1,1,1,"2,1",2020
Guadalajara,Maximo,2,"2,8","2,1","1,7","2,9",3,5,"4,9","4,2","1,6",1,1,5,2020
Gipuzkoa,Minimo,1,1,1,1,1,1,1,1,1,1,1,1,1,2020
Gipuzkoa,Cuartil_1,1,"1,3",1,1,"1,5",1,"1,6","1,2",1,1,1,1,1,2020
Gipuzkoa,Mediana,"1,6",2,"1,4","1,2","2,1","1,2","2,8","2,7","2,3",1,"1,1",1,"1,4",2020
Gipuzkoa,Media,"1,6","1,9","1,6","1,6","2,3","1,7","2,9","2,8","2,6","1,2","1,7",1,"1,9",2020
Gipuzkoa,Cuartil_3,2,"2,2","2,1",2,"3,1","2,4","4,2","4,3",4,1,"2,2",1,"2,6",2020
Gipuzkoa,Maximo,"3,1",4,3,"3,5","4,1","3,3",5,5,5,"3,3","3,4","1,8",5,2020
Huelva,Minimo,1,1,1,1,1,1,1,"1,1",1,1,1,1,1,2020
Huelva,Cuartil_1,1,1,1,1,1,"1,6","2,8","2,7",1,1,1,1,1,2020
Huelva,Mediana,1,"1,1","1,5",1,"1,9",2,"3,2","3,4","1,6",1,1,1,"1,1",2020
Huelva,Media,"1,1","1,4","1,6",1,"1,7","2,2","3,2","3,4","2,2","1,5",1,1,"1,8",2020
Huelva,Cuartil_3,"1,2",2,2,1,2,"2,6","3,8","4,4",3,"1,6",1,1,"2,2",2020
Huelva,Maximo,"1,8","2,4","2,8","1,3","2,5","3,9","4,8",5,5,"4,7",1,1,5,2020
Huesca,Minimo,"1,1","1,1","1,1","1,1","1,1",1,"1,1","1,4",1,1,1,1,1,2020
Huesca,Cuartil_1,"1,1","1,6","1,1","1,1","1,2",1,"1,7",3,"1,6",1,1,1,"1,1",2020
Huesca,Mediana,"1,4","1,9","1,3","1,1","1,7","1,3","2,9","4,4","3,5",1,1,1,"1,4",2020
Huesca,Media,"1,3","1,9","1,4","1,2","1,8","1,4",3,"3,9",3,"1,4","1,2",1,"1,9",2020
Huesca,Cuartil_3,"1,6","2,1","1,6","1,2","2,3","1,7","4,2","4,7",4,"1,6","1,3",1,"2,2",2020
Huesca,Maximo,"1,7",3,"2,5","1,8",3,"2,7",5,5,"4,9","2,8","1,8","1,4",5,2020
Jaen,Minimo,1,1,1,1,1,1,"1,4","1,2",1,1,1,1,1,2020
Jaen,Cuartil_1,1,1,1,1,1,"1,6","3,3","2,9","1,3",1,1,1,1,2020
Jaen,Mediana,"1,2","1,3","1,2",1,2,"2,1","3,6","3,5",2,1,1,1,"1,3",2020
Jaen,Media,"1,2","1,4","1,4",1,"1,7","2,1","3,6","3,4","2,1","1,3",1,1,"1,8",2020
Jaen,Cuartil_3,"1,3","1,8","1,9",1,"2,1","2,5",4,"4,1","2,7","1,1",1,1,"2,2",2020
Jaen,Maximo,"1,7",2,2,"1,4","2,7","3,6","4,9",5,"4,4","4,2","1,2",1,5,2020
Leon,Minimo,"1,1","1,1","1,1","1,1","1,1",1,"1,4",1,1,1,1,1,1,2020
Leon,Cuartil_1,"1,2","1,4","1,6","1,1","1,2","1,1","2,7","1,2",1,1,1,1,1,2020
Leon,Mediana,"1,5","1,7",2,"1,2",2,"1,3","3,3","2,6","1,4",1,1,1,"1,3",2020
Leon,Media,"1,5","1,7","1,9","1,3",2,"1,5","3,4","2,7","2,1",1,1,1,"1,8",2020
Leon,Cuartil_3,"1,9","2,2","2,3","1,4","2,7","1,9","3,9","4,1","3,4",1,1,1,"2,2",2020
Leon,Maximo,"2,2","2,7","2,7","2,2","3,2",3,5,5,"4,5","2,2","1,2","1,1",5,2020
Lleida,Minimo,"1,1","1,3","1,1","1,1","1,1","1,1",1,1,1,1,1,1,1,2020
Lleida,Cuartil_1,"1,1","1,8","1,1","1,1","1,2","1,1","1,8","3,4","1,5",1,1,1,"1,1",2020
Lleida,Mediana,"1,5","1,9","1,3","1,2","1,8","1,2","2,8","4,6","2,2","1,1","1,1",1,"1,5",2020
Lleida,Media,"1,5",2,"1,6","1,4","1,9","1,4","2,7",4,"2,2","1,3","1,3",1,"1,9",2020
Lleida,Cuartil_3,"1,7","2,2","1,8","1,7","2,6","1,7","3,5","4,8","3,1","1,5","1,6",1,"2,2",2020
Lleida,Maximo,"1,8","3,2","2,7","2,2","3,3","2,5","4,9",5,"3,8","2,9",2,"1,2",5,2020
La Rioja,Minimo,1,"1,1",1,1,1,1,"1,1","1,2",1,1,1,1,1,2020
La Rioja,Cuartil_1,1,"1,6","1,2",1,"1,3",1,"2,7","3,1","1,2",1,1,1,1,2020
La Rioja,Mediana,"1,5",2,"1,4",1,"2,1",1,"3,6","4,5","3,9",1,"1,1",1,"1,4",2020
La Rioja,Media,"1,4","2,1","1,6","1,2",2,"1,4","3,4","3,8",3,"1,1","1,2",1,"1,9",2020
La Rioja,Cuartil_3,"1,8","2,5","1,7","1,1","2,6","1,6","4,3","4,9","4,6",1,"1,2",1,"2,3",2020
La Rioja,Maximo,2,3,"3,5","2,4","3,1",3,5,5,5,"1,7","1,9","1,5",5,2020
Lugo,Minimo,1,1,1,1,1,1,"2,3",1,1,1,1,1,1,2020
Lugo,Cuartil_1,"1,1","1,3","1,1",1,"1,6","1,2","3,4","1,1",1,1,1,1,1,2020
Lugo,Mediana,"1,5","1,8","1,7","1,3","2,2","1,7","3,8","1,8","1,8",1,1,1,"1,3",2020
Lugo,Media,"1,5","1,8","1,7","1,4","2,4","1,7","3,7","2,5","2,3","1,1","1,1",1,"1,8",2020
Lugo,Cuartil_3,"1,9","2,1",2,"1,5","3,2","2,2","4,2",4,"3,6",1,1,1,"2,3",2020
Lugo,Maximo,"2,6",3,"2,9","3,1","3,8",3,"4,8","4,9","4,7","2,7","1,8",1,"4,9",2020
Madrid,Minimo,1,1,1,1,1,1,"2,1",1,1,1,1,1,1,2020
Madrid,Cuartil_1,1,"1,1",1,1,"1,3","1,5","2,9","2,1",1,1,1,1,1,2020
Madrid,Mediana,"1,3","1,2","1,4",1,"1,9","1,9","3,6","3,6","1,3",1,1,1,"1,2",2020
Madrid,Media,"1,3","1,5","1,5","1,1","1,8","1,9","3,5","3,1","1,8",1,1,1,"1,7",2020
Madrid,Cuartil_3,"1,5","2,1","1,9",1,"2,1","2,1","4,1","4,2","2,4",1,1,1,"2,1",2020
Madrid,Maximo,2,"2,5","2,1","1,6",3,"3,1","4,9",5,"3,8",1,1,1,5,2020
Malaga,Minimo,1,1,1,1,1,"1,1","1,8","1,3",1,1,1,1,1,2020
Malaga,Cuartil_1,1,"1,3",1,1,1,"1,6","2,9","3,1","1,3",1,1,1,1,2020
Malaga,Mediana,"1,1","1,7","1,9",1,2,2,"3,5","3,8","1,8","1,1",1,1,"1,4",2020
Malaga,Media,"1,2","1,7","1,7",1,"1,7","2,2","3,3","3,6","2,3","1,6",1,1,"1,9",2020
Malaga,Cuartil_3,"1,3","1,9","2,1",1,"2,2","2,7","3,8","4,4","3,1","1,6",1,1,"2,5",2020
Malaga,Maximo,"1,9","2,5","2,6","1,2","2,6","3,8","4,8",5,"4,8","3,8","1,4",1,5,2020
Murcia,Minimo,1,1,1,1,1,1,"1,7","1,6",1,1,1,1,1,2020
Murcia,Cuartil_1,1,1,1,1,1,"1,5","2,7","2,9","1,3","1,1",1,1,1,2020
Murcia,Mediana,"1,1","1,1",1,1,"1,9",2,"3,3","3,7","1,7","1,3",1,1,"1,3",2020
Murcia,Media,"1,2","1,4","1,7",1,"1,7",2,"3,3","3,5","2,1","1,6",1,"1,1","1,8",2020
Murcia,Cuartil_3,"1,4","1,6","2,3",1,"2,1","2,4",4,"4,1","2,7","1,7",1,"1,2","2,4",2020
Murcia,Maximo,2,"2,6","3,9","1,4",3,"3,5","4,5","4,7","4,7","4,5","1,7","1,6","4,7",2020
Navarra,Minimo,1,"1,1",1,1,1,1,1,"1,1",1,1,1,1,1,2020
Navarra,Cuartil_1,"1,1","1,6","1,1",1,"1,4",1,3,"3,5","1,2",1,1,1,1,2020
Navarra,Mediana,"1,3","1,7","1,3","1,2","2,1","1,2","3,3",4,"3,7",1,"1,1",1,"1,4",2020
Navarra,Media,"1,3","1,8","1,5","1,4","2,1","1,6","3,4","3,9",3,"1,1","1,2",1,"1,9",2020
Navarra,Cuartil_3,"1,5",2,"1,8","1,5","2,8","1,7","4,3","4,6","4,5",1,"1,3",1,"2,5",2020
Navarra,Maximo,"2,2","2,6","2,7","2,9","3,3","3,4",5,5,5,"2,1",2,"1,4",5,2020
Ourense,Minimo,1,1,1,1,1,1,"2,3",1,1,1,1,1,1,2020
Ourense,Cuartil_1,1,"1,3",1,1,"1,5","1,3","3,5","1,4",1,1,1,1,1,2020
Ourense,Mediana,"1,4","1,6","1,8","1,1","2,1","1,8",4,"2,7","3,2",1,1,1,"1,3",2020
Ourense,Media,"1,4","1,7","1,7","1,3","2,1","1,8","3,9","2,8","2,7",1,1,1,"1,9",2020
Ourense,Cuartil_3,"1,7",2,2,"1,3","2,9","2,2","4,4","4,2","4,2",1,1,1,"2,3",2020
Ourense,Maximo,2,"2,5","2,6","2,8","3,3","3,4",5,5,5,"2,1","1,1",1,5,2020
Asturias,Minimo,"1,1","1,1","1,1","1,1","1,1",1,"1,4",1,1,1,1,1,1,2020
Asturias,Cuartil_1,"1,2","1,8","1,4","1,2","1,6","1,1",2,1,1,1,1,1,"1,1",2020
Asturias,Mediana,"1,6","2,2","1,9","1,4","2,5","1,3","2,9","1,9","1,6",1,"1,2",1,"1,5",2020
Asturias,Media,"1,8","2,2","1,9","1,5","2,6","1,6","2,9","2,3",2,"1,2","1,4",1,"1,9",2020
Asturias,Cuartil_3,"2,3","2,6","2,3","1,8","3,4",2,"3,6","3,5","2,9","1,1","1,6",1,"2,4",2020
Asturias,Maximo,"3,6","4,1",3,3,"4,4","3,4","4,8","4,8","4,6","3,6","3,3","1,9","4,8",2020
Palencia,Minimo,1,1,1,1,1,1,"1,2",1,1,1,1,1,1,2020
Palencia,Cuartil_1,1,"1,1","1,6",1,"1,1",1,"2,9","1,2",1,1,1,1,1,2020
Palencia,Mediana,"1,3","1,6","1,9",1,2,"1,1","3,4","2,8","1,6",1,1,1,"1,2",2020
Palencia,Media,"1,3","1,6","1,9","1,2",2,"1,4","3,3","2,7","2,1","1,1",1,1,"1,7",2020
Palencia,Cuartil_3,"1,5","2,1",2,"1,2","2,6","1,6","3,8","3,6","3,2",1,1,1,"2,1",2020
Palencia,Maximo,2,"2,7","2,7","2,1","3,1","2,4",5,5,"4,2","2,9","1,2","1,1",5,2020
Las Palmas,Minimo,1,"1,3",1,1,"1,4","1,2","1,5","1,5",1,1,1,1,1,2020
Las Palmas,Cuartil_1,"1,3","2,2","1,2","1,3",2,"1,7","2,4","2,2","1,5","1,1",1,1,"1,3",2020
Las Palmas,Mediana,"1,7","2,7","1,9","1,4","2,3","2,4","2,8","2,8","1,7","1,5","1,4",1,2,2020
Las Palmas,Media,"1,8","2,8","1,9","1,7","2,3","2,4","2,8",3,"2,1","1,6","1,7","1,1","2,1",2020
Las Palmas,Cuartil_3,"2,2","3,5","2,5","1,9","2,5",3,"3,3","3,8","2,5","1,8","2,1",1,"2,7",2020
Las Palmas,Maximo,"3,2","4,7",4,"3,3","3,6","3,6","4,5","4,8","4,4",4,"3,9","2,2","4,8",2020
Pontevedra,Minimo,1,1,1,1,1,1,2,1,1,1,1,1,1,2020
Pontevedra,Cuartil_1,1,1,1,1,"1,6","1,1","3,7","1,1",1,1,1,1,1,2020
Pontevedra,Mediana,"1,1","1,1","1,5",1,"2,1","1,8","4,1","1,5","2,6",1,1,1,"1,1",2020
Pontevedra,Media,"1,4","1,4","1,6","1,3","2,2","1,8",4,"2,4","2,4",1,1,1,"1,8",2020
Pontevedra,Cuartil_3,"1,9","1,7",2,"1,6",3,"2,3","4,5",4,"3,9",1,1,1,"2,1",2020
Pontevedra,Maximo,"2,1","2,3","3,4","3,2","3,9","2,9",5,"4,9","4,7","1,5","1,3",1,5,2020
Salamanca,Minimo,1,1,1,1,1,1,2,"1,1",1,1,1,1,1,2020
Salamanca,Cuartil_1,1,1,1,1,"1,1","1,1","3,3","2,8",1,1,1,1,1,2020
Salamanca,Mediana,"1,1","1,5","1,3",1,"1,8","1,8","3,6","3,6","2,6",1,1,1,"1,1",2020
Salamanca,Media,"1,2","1,5","1,4",1,"1,7","1,7","3,8","3,6","2,5","1,1",1,1,"1,8",2020
Salamanca,Cuartil_3,"1,2",2,"1,8",1,2,2,"4,6","4,6","3,8",1,1,1,2,2020
Salamanca,Maximo,"1,8",2,2,"1,8","2,5","2,9",5,5,"4,8","4,6",1,1,5,2020
Santa Cruz de Tenerife,Minimo,"1,3","2,1",1,"1,2","1,4","1,2","2,5","2,2",1,1,1,1,1,2020
Santa Cruz de Tenerife,Cuartil_1,"1,5","2,3","1,2","1,3","1,8","1,8","3,1","2,7",2,1,1,1,"1,3",2020
Santa Cruz de Tenerife,Mediana,"1,9","2,9","2,1","1,5","2,1","2,2","3,5","3,6","2,6","1,2","1,2",1,"2,1",2020
Santa Cruz de Tenerife,Media,2,3,"2,1","1,5","2,4","2,1","3,4","3,5","2,5","1,3","1,4",1,"2,2",2020
Santa Cruz de Tenerife,Cuartil_3,"2,5","3,5","2,8","1,8","2,9","2,5","3,7","4,3","2,9","1,4","1,8",1,"2,9",2020
Santa Cruz de Tenerife,Maximo,"3,4","4,4","3,7","2,2","3,8","2,9","4,5","4,8","4,5","2,3","2,8","1,1","4,8",2020
Cantabria,Minimo,"1,1","1,1","1,1","1,1","1,1",1,"1,1",1,1,1,1,1,1,2020
Cantabria,Cuartil_1,"1,2","1,5","1,2","1,1","1,4",1,"1,7","1,1","1,1",1,1,1,"1,1",2020
Cantabria,Mediana,"1,5","1,9","1,8","1,4","2,6","1,1","2,6","1,6","2,2",1,"1,6",1,"1,5",2020
Cantabria,Media,"1,8",2,"1,8","1,6","2,4","1,5","2,7","2,4","2,5","1,2","1,8","1,1","1,9",2020
Cantabria,Cuartil_3,"2,2","2,2","2,2","1,8","3,1","1,8","3,7","3,8","3,9",1,"2,6",1,"2,4",2020
Cantabria,Maximo,"3,1","3,7","2,9","3,3",4,"3,1","4,5","4,9","4,9","3,6","3,6","2,6","4,9",2020
Segovia,Minimo,1,1,1,1,1,1,"1,1",1,1,1,1,1,1,2020
Segovia,Cuartil_1,1,"1,3","1,1",1,"1,1",1,"2,9","2,3",1,1,1,1,1,2020
Segovia,Mediana,"1,3","1,9","1,6",1,"1,9","1,4","3,6","3,7","1,8",1,1,1,"1,2",2020
Segovia,Media,"1,4","1,7","1,6","1,1","1,8","1,5","3,5","3,4","2,3",1,1,1,"1,8",2020
Segovia,Cuartil_3,"1,7",2,2,1,"2,2","1,9",4,"4,4","3,5",1,1,1,"2,1",2020
Segovia,Maximo,"2,1","2,9","2,6",2,"3,3","2,9",5,5,"4,6","1,9",1,1,5,2020
Sevilla,Minimo,1,1,1,1,1,1,"1,4",1,1,1,1,1,1,2020
Sevilla,Cuartil_1,1,1,1,1,1,"1,9","2,9",2,"1,1",1,1,1,1,2020
Sevilla,Mediana,1,"1,1","1,4",1,2,"2,1","3,5","2,9","1,5",1,1,1,"1,2",2020
Sevilla,Media,"1,1","1,4","1,5","1,1","1,8","2,3","3,4","2,9","2,1","1,4",1,1,"1,8",2020
Sevilla,Cuartil_3,"1,1","1,9",2,"1,1","2,2","2,8","4,1","3,8","2,8","1,5",1,1,"2,2",2020
Sevilla,Maximo,"1,4","2,1","2,6","1,4","2,8","4,3","4,9","4,6","4,9","3,9",1,1,"4,9",2020
Soria,Minimo,1,1,1,1,1,1,"1,3",1,1,1,1,1,1,2020
Soria,Cuartil_1,1,"1,3",1,1,"1,1",1,"2,8","3,2",1,1,1,1,1,2020
Soria,Mediana,"1,4","1,6","1,2",1,"1,6",1,"3,4","4,2","2,6",1,1,1,"1,1",2020
Soria,Media,"1,4","1,7","1,4","1,1","1,7","1,3","3,3","3,8","2,4","1,1",1,1,"1,8",2020
Soria,Cuartil_3,"1,8","2,2","1,6",1,"2,1","1,7",4,"4,5","3,8",1,1,1,"2,1",2020
Soria,Maximo,"2,1","2,9","2,1",2,"2,9","2,4",5,5,"4,8","2,2","1,1",1,5,2020
Tarragona,Minimo,1,1,1,1,1,1,"1,4",1,1,1,1,1,1,2020
Tarragona,Cuartil_1,1,"1,1",1,1,1,1,"2,5","2,2","1,5",1,1,1,1,2020
Tarragona,Mediana,1,"1,6","1,2",1,"1,5","1,4","3,2","3,5","1,9","1,3",1,1,"1,3",2020
Tarragona,Media,"1,1","1,7","1,6","1,1","1,6","1,6","3,1","3,1","2,1","1,7","1,1",1,"1,7",2020
Tarragona,Cuartil_3,"1,1",2,"2,2","1,2","2,1",2,"3,7","4,2","2,5",2,1,1,"2,2",2020
Tarragona,Maximo,"1,8","4,1","4,1","2,3","2,7","2,7","4,2","4,8","3,8","3,8","1,9","1,4","4,8",2020
Teruel,Minimo,1,"1,1",1,1,1,1,1,2,"1,1",1,1,1,1,2020
Teruel,Cuartil_1,1,"1,4",1,1,"1,1","1,1","2,2","3,8","2,4",1,1,1,1,2020
Teruel,Mediana,"1,6","1,8","1,2",1,"1,8","1,3",3,"4,1","3,1","1,3",1,1,"1,5",2020
Teruel,Media,"1,5","1,9","1,5","1,1","1,8","1,5",3,4,3,"1,6","1,1",1,"1,9",2020
Teruel,Cuartil_3,"1,8","2,3","1,7",1,"2,4","1,8","3,6","4,5","3,5",2,1,1,"2,4",2020
Teruel,Maximo,"2,4","3,3","3,2","2,1",3,"2,4","4,6","4,9","4,6","4,1","1,9",1,"4,9",2020
Toledo,Minimo,1,1,1,1,1,"1,1","2,2",1,1,1,1,1,1,2020
Toledo,Cuartil_1,1,1,1,1,1,"1,9",3,"1,9",1,1,1,1,1,2020
Toledo,Mediana,1,1,"1,4",1,"1,9","2,1","3,6",3,"1,2",1,1,1,"1,1",2020
Toledo,Media,"1,1","1,3","1,4","1,1","1,7","2,2","3,6","2,9","1,9","1,1",1,1,"1,7",2020
Toledo,Cuartil_3,"1,1",2,"1,8",1,2,"2,7","4,2","4,1","2,8",1,1,1,2,2020
Toledo,Maximo,"1,7","2,1","2,1","1,8","2,8","3,8","4,9","4,9","4,2","1,8",1,1,"4,9",2020
Valencia,Minimo,1,1,1,1,1,1,1,"1,1",1,1,1,1,1,2020
Valencia,Cuartil_1,1,1,1,1,"1,4","1,6",2,"2,2","1,5",1,1,1,1,2020
Valencia,Mediana,"1,1","1,2",1,1,2,"2,4","3,1","3,4","2,4","1,2",1,1,"1,4",2020
Valencia,Media,"1,2","1,6","1,8","1,1",2,"2,2","2,8","3,1","2,4","1,6",1,1,"1,8",2020
Valencia,Cuartil_3,"1,3",2,"2,5",1,"2,6","2,9","3,6",4,"3,1","1,7",1,1,"2,5",2020
Valencia,Maximo,"2,5","3,5","3,5","2,6","2,9","3,1","4,3","4,8","4,2","4,9","1,3","1,1","4,9",2020
Valladolid,Minimo,1,1,1,1,1,1,"1,2",1,1,1,1,1,1,2020
Valladolid,Cuartil_1,1,1,"1,4",1,"1,2",1,"2,8","1,3",1,1,1,1,1,2020
Valladolid,Mediana,1,"1,4","1,8",1,2,"1,3","3,7",3,"1,1",1,1,1,1,2020
Valladolid,Media,"1,1","1,5","1,7","1,1","1,8","1,5","3,5",3,"2,1","1,1",1,1,"1,7",2020
Valladolid,Cuartil_3,"1,1","1,8",2,1,"2,1",2,4,"4,5",3,1,1,1,2,2020
Valladolid,Maximo,"1,7","2,2","2,3","2,1","2,9","2,8",5,5,"4,4","3,3",1,1,5,2020
Bizkaia,Minimo,1,1,1,1,1,1,"1,1",1,1,1,1,1,1,2020
Bizkaia,Cuartil_1,1,"1,1",1,1,"1,4",1,"1,6",1,1,1,1,1,1,2020
Bizkaia,Mediana,"1,3","1,9","1,3","1,2","2,2","1,1",3,"2,1","2,4",1,"1,4",1,"1,2",2020
Bizkaia,Media,"1,5","1,8","1,6","1,5","2,3","1,6","2,9","2,7","2,7","1,1","1,7",1,"1,9",2020
Bizkaia,Cuartil_3,2,"2,2",2,"1,8","3,1","2,1","4,1","4,3",4,1,"2,2",1,"2,5",2020
Bizkaia,Maximo,"3,1","3,9","2,9","3,8","4,2","3,3",5,5,5,"2,5","3,5","1,9",5,2020
Zamora,Minimo,1,1,1,1,1,1,2,1,1,1,1,1,1,2020
Zamora,Cuartil_1,1,"1,1","1,4",1,"1,1","1,1","3,3","1,8",1,1,1,1,1,2020
Zamora,Mediana,"1,1","1,3","1,6",1,2,"1,3","3,7","3,1","1,3",1,1,1,"1,1",2020
Zamora,Media,"1,1","1,4","1,6","1,1","1,8","1,5","3,7","3,1","2,1","1,1",1,1,"1,7",2020
Zamora,Cuartil_3,"1,1","1,8",2,1,"2,1",2,4,4,"3,2",1,1,1,2,2020
Zamora,Maximo,"1,5","2,2","2,4","1,4",3,"2,9",5,5,"4,4",4,1,1,5,2020
Zaragoza,Minimo,1,1,1,1,1,1,"1,2","2,5",1,1,1,1,1,2020
Zaragoza,Cuartil_1,1,"1,2",1,1,1,1,"2,5","3,4","1,4",1,1,1,1,2020
Zaragoza,Mediana,"1,1","1,6","1,2","1,1","1,8","1,2","3,2",4,"2,7",1,1,1,"1,2",2020
Zaragoza,Media,"1,1","1,6","1,4","1,1","1,7","1,4","3,1","3,9","2,6","1,3",1,1,"1,8",2020
Zaragoza,Cuartil_3,"1,2","1,9","1,8","1,1","2,1","1,6","4,1","4,5","3,6","1,7",1,1,"2,2",2020
Zaragoza,Maximo,"1,4","2,6","2,2",2,3,"2,5","4,8","4,9","4,4",3,"1,2","1,1","4,9",2020
Araba,Minimo,1,1,1,1,1,1,1,1,1,1,1,1,1,2021
Araba,Cuartil_1,1,1,1,1,1,1,"1,5","3,3",1,1,1,1,1,2021
Araba,Mediana,1,1,1,"2,2","1,1","1,2","3,4","4,1","1,1","1,4",1,1,1,2021
Araba,Media,1,"1,2","1,3","2,2","1,5","1,7","2,9","3,8","1,9","1,8",1,1,"1,8",2021
Araba,Cuartil_3,1,1,"1,1",3,"1,8","2,6","3,9","4,7","2,5","2,2",1,1,"2,5",2021
Araba,Maximo,1,3,"3,7","3,8","3,6","4,1","4,7","4,9",5,"3,6",1,"1,3",5,2021
Albacete,Minimo,1,1,1,1,1,1,"1,2",1,1,1,1,1,1,2021
Albacete,Cuartil_1,1,1,1,1,1,1,"2,8","2,3",1,1,1,1,1,2021
Albacete,Mediana,1,1,1,1,1,1,"3,5","3,2","1,1",1,1,1,1,2021
Albacete,Media,1,1,1,"1,1","1,4","1,6","3,5","3,2","1,5","1,1",1,1,"1,5",2021
Albacete,Cuartil_3,1,1,1,1,"1,3","1,8","4,5",4,"1,8","1,1",1,1,"1,3",2021
Albacete,Maximo,"1,3","1,2","1,5","1,6","3,3","3,9",5,5,"4,2",2,"1,2",1,5,2021
Alicante,Minimo,1,1,1,1,1,1,1,"1,1",1,1,1,1,1,2021
Alicante,Cuartil_1,1,1,1,1,1,1,"2,6","1,7",1,1,1,1,1,2021
Alicante,Mediana,1,1,1,1,1,"1,2",3,"2,9",1,1,1,1,1,2021
Alicante,Media,"1,3","1,2",1,1,"1,2","1,5",3,"2,8","1,5",1,1,1,"1,5",2021
Alicante,Cuartil_3,"1,2","1,2",1,1,"1,2","1,9","3,7","3,6","1,9",1,1,1,"1,5",2021
Alicante,Maximo,"3,2","3,1","1,2","1,2","2,8","3,6","4,5","4,4","3,1","1,1","1,1","1,3","4,5",2021
Almeria,Minimo,1,1,1,1,1,1,"1,1","1,6",1,1,1,1,1,2021
Almeria,Cuartil_1,1,1,1,1,1,1,"2,5","2,2","1,2",1,1,1,1,2021
Almeria,Mediana,1,1,1,1,"1,1","1,2","3,1",3,"1,6","1,2","1,1","1,1","1,1",2021
Almeria,Media,"1,1","1,1",1,1,"1,2","1,6","3,1",3,2,"1,3","1,2","1,2","1,6",2021
Almeria,Cuartil_3,"1,1","1,1",1,1,"1,3","2,1","3,8","3,7","2,4","1,4","1,2","1,2","1,7",2021
Almeria,Maximo,2,"1,3","1,6","1,2","2,3","3,1","4,9","4,4","4,2","2,3","2,4","1,8","4,9",2021
Avila,Minimo,1,1,1,1,1,1,1,"1,3",1,1,1,1,1,2021
Avila,Cuartil_1,1,1,1,1,1,1,"2,7",3,1,1,1,1,1,2021
Avila,Mediana,1,1,1,1,1,1,"3,5","3,9",1,1,1,1,1,2021
Avila,Media,1,1,"1,1","1,1",1,"1,4","3,3","3,6","1,4",1,1,1,"1,5",2021
Avila,Cuartil_3,1,1,1,1,1,"1,6","4,4","4,4","1,2",1,1,1,"1,1",2021
Avila,Maximo,1,1,"2,3","1,7","1,5","3,2",5,5,4,1,"1,1",1,5,2021
Badajoz,Minimo,1,1,1,1,1,1,"1,5",1,1,1,1,1,1,2021
Badajoz,Cuartil_1,1,1,1,1,1,1,"2,6","2,1",1,1,1,1,1,2021
Badajoz,Mediana,1,1,1,1,1,"1,5","3,3","3,3",1,1,1,1,1,2021
Badajoz,Media,1,1,"1,1","1,1","1,2","1,9","3,4","3,1","1,5",1,1,1,"1,5",2021
Badajoz,Cuartil_3,1,1,1,1,1,"2,7","4,3","4,3","1,1",1,1,1,"1,2",2021
Badajoz,Maximo,1,1,"3,1","1,5",3,"4,6",5,5,"4,3",1,1,1,5,2021
Illes Balears,Minimo,1,1,1,1,1,1,"1,2","1,2",1,1,1,1,1,2021
Illes Balears,Cuartil_1,1,1,1,1,1,1,2,2,1,1,1,1,1,2021
Illes Balears,Mediana,1,1,1,1,1,"1,2","2,3","2,7","1,1",1,1,1,1,2021
Illes Balears,Media,1,"1,2","1,1","1,2","1,2","1,4","2,6","2,7","1,4","1,1",1,1,"1,4",2021
Illes Balears,Cuartil_3,1,1,"1,2","1,2","1,2","1,7","3,3","3,4","1,3","1,1",1,1,"1,5",2021
Illes Balears,Maximo,"1,4","2,8","1,7","3,1","1,9","2,7","4,3","4,6","3,6","1,4",1,"1,1","4,6",2021
Barcelona,Minimo,1,1,1,1,1,1,2,1,1,1,1,1,1,2021
Barcelona,Cuartil_1,1,1,1,1,"1,1","1,6","3,4","1,7",1,1,1,1,1,2021
Barcelona,Mediana,1,1,"1,1",1,"1,3","2,5","3,8","3,1","1,1","1,2",1,1,"1,1",2021
Barcelona,Media,1,"1,1","1,4","1,6","1,6","2,6","3,8","2,9","1,4","1,2","1,1","1,1","1,7",2021
Barcelona,Cuartil_3,1,1,"1,5","1,9","1,9","3,3","4,4","3,7","1,7","1,3",1,"1,1","2,1",2021
Barcelona,Maximo,"1,4","1,6","2,8","3,5",3,"4,8",5,"4,8",3,"1,7","1,8","1,6",5,2021
Burgos,Minimo,1,1,1,1,1,1,1,"1,1",1,1,1,1,1,2021
Burgos,Cuartil_1,1,1,1,1,1,1,"1,7","3,5",1,1,1,1,1,2021
Burgos,Mediana,1,1,1,"1,2",1,"1,1","3,1",4,1,"1,1",1,1,1,2021
Burgos,Media,1,"1,1","1,2","1,4","1,2","1,3","2,9","3,7","1,8","1,3",1,1,"1,6",2021
Burgos,Cuartil_3,1,1,"1,1","1,8","1,2","1,6","3,7","4,4","2,4","1,4",1,1,"1,6",2021
Burgos,Maximo,"1,1","2,3","3,1","2,5","2,4","2,7","4,9","4,9","4,9","2,4",1,"1,1","4,9",2021
Caceres,Minimo,1,1,1,1,1,1,"1,1","1,4",1,1,1,1,1,2021
Caceres,Cuartil_1,1,1,1,1,1,1,"2,5","2,7",1,1,1,1,1,2021
Caceres,Mediana,1,1,1,1,1,"1,1","3,3","3,7",1,1,1,1,1,2021
Caceres,Media,1,1,"1,1",1,"1,1","1,6","3,2","3,5","1,3",1,1,1,"1,5",2021
Caceres,Cuartil_3,1,1,1,1,1,"1,8","4,1","4,4","1,1",1,1,1,"1,2",2021
Caceres,Maximo,1,1,"2,5","1,3","2,4","4,2","4,9",5,"4,3",1,1,1,5,2021
Cadiz,Minimo,1,1,1,1,1,1,"1,5",1,1,1,1,1,1,2021
Cadiz,Cuartil_1,1,1,1,1,1,1,"2,5","1,6",1,1,1,1,1,2021
Cadiz,Mediana,1,1,1,1,1,"1,3",3,"2,4",1,1,1,1,1,2021
Cadiz,Media,1,1,"1,2",1,"1,3","1,6","3,1","2,3","1,7","1,3","1,1",1,"1,5",2021
Cadiz,Cuartil_3,1,1,1,1,"1,2","2,2","3,9","2,9","2,1","1,5",1,1,"1,6",2021
Cadiz,Maximo,1,1,"3,5","1,4","3,3","3,5","4,7","4,1","4,5","3,2","2,4","1,5","4,7",2021
Castellon,Minimo,1,1,1,1,1,1,1,1,1,1,1,1,1,2021
Castellon,Cuartil_1,1,1,1,1,1,1,"1,3","1,1",1,1,1,1,1,2021
Castellon,Mediana,1,1,1,1,1,1,"2,4","1,8",1,1,1,1,1,2021
Castellon,Media,1,"1,1",1,"1,1",1,"1,3","2,3","1,9",1,1,"1,1",1,"1,2",2021
Castellon,Cuartil_3,1,1,1,1,"1,1","1,4","3,1","2,3",1,1,1,1,"1,1",2021
Castellon,Maximo,"1,3","2,6","1,3","1,8","1,3","3,3","4,5","4,3","1,1","1,1","1,8","1,1","4,5",2021
Ciudad Real,Minimo,1,1,1,1,1,1,"1,8",1,1,1,1,1,1,2021
Ciudad Real,Cuartil_1,1,1,1,1,1,1,"2,9","2,2",1,1,1,1,1,2021
Ciudad Real,Mediana,1,1,1,1,1,"1,3","4,1","3,6",1,1,1,1,1,2021
Ciudad Real,Media,1,1,"1,1","1,1","1,2",2,"3,8","3,3","1,5",1,1,1,"1,6",2021
Ciudad Real,Cuartil_3,1,1,1,1,"1,1","3,1","4,8","4,3","1,6",1,1,1,"1,4",2021
Ciudad Real,Maximo,1,1,"2,2","1,9","2,9","4,3",5,5,"4,3","1,3",1,1,5,2021
Cordoba,Minimo,1,1,1,1,1,1,"2,3","1,1",1,1,1,1,1,2021
Cordoba,Cuartil_1,1,1,1,1,1,1,"3,1",2,1,1,1,1,1,2021
Cordoba,Mediana,1,1,1,1,1,"1,4","3,7","2,8",1,1,1,1,1,2021
Cordoba,Media,1,1,"1,1","1,1","1,1",2,"3,8",3,"1,6",1,1,1,"1,6",2021
Cordoba,Cuartil_3,1,1,1,1,"1,1","2,9","4,5",4,"1,5",1,1,1,"1,3",2021
Cordoba,Maximo,1,1,"2,6","2,1","2,8","4,1",5,5,"4,7","1,3",1,1,5,2021
A Coruña,Minimo,1,1,1,1,1,1,1,1,1,1,1,1,1,2021
A Coruña,Cuartil_1,1,1,1,1,1,1,1,"1,1",1,1,1,1,1,2021
A Coruña,Mediana,1,1,"1,3","1,2",1,1,1,"2,1",1,1,1,1,1,2021
A Coruña,Media,1,1,"1,6","1,8","1,1","1,7","1,2","2,1","1,4","1,2","1,2",1,"1,4",2021
A Coruña,Cuartil_3,1,1,2,"2,7","1,1","2,3","1,3","2,8","1,1","1,2","1,4",1,"1,4",2021
A Coruña,Maximo,"1,4","1,7",3,"3,6","2,6",4,"2,3","4,1","4,6",2,2,"1,3","4,6",2021
Cuenca,Minimo,1,1,1,1,1,1,"1,1","1,1",1,1,1,1,1,2021
Cuenca,Cuartil_1,1,1,1,1,1,1,"2,3","2,4",1,1,1,1,1,2021
Cuenca,Mediana,1,1,1,1,1,1,"3,5","3,1",1,1,1,1,1,2021
Cuenca,Media,1,1,"1,1","1,1","1,1","1,3","3,3","3,2","1,1",1,1,1,"1,4",2021
Cuenca,Cuartil_3,1,1,1,1,1,"1,5","4,2","4,1","1,1",1,1,1,"1,1",2021
Cuenca,Maximo,1,1,2,"2,1","1,9","3,1",5,5,"2,3","1,2",1,1,5,2021
Girona,Minimo,1,1,1,1,1,1,"1,8",1,1,1,1,1,1,2021
Girona,Cuartil_1,1,1,1,1,1,"1,5","2,4","1,8","1,1","1,4",1,1,1,2021
Girona,Mediana,1,1,"1,2","1,3",1,2,"3,2",3,"1,2","1,9",1,1,"1,2",2021
Girona,Media,1,1,"1,3","1,7","1,1","2,3","3,2","2,8","1,6",2,"1,2","1,1","1,7",2021
Girona,Cuartil_3,1,"1,1","1,5","2,4","1,1","3,1",4,"3,8",2,"2,4",1,"1,2","2,1",2021
Girona,Maximo,"1,2","1,4","2,4","3,2","1,6","4,2","4,9","4,6","3,4","3,6","2,8","1,5","4,9",2021
Granada,Minimo,1,1,1,1,1,1,"2,5","1,7",1,1,1,1,1,2021
Granada,Cuartil_1,1,1,1,1,1,1,"3,5",3,"1,1",1,1,1,1,2021
Granada,Mediana,1,1,1,1,1,"1,4","4,1","3,9","1,8","1,2","1,1","1,1","1,1",2021
Granada,Media,1,1,"1,1","1,1","1,3","1,8","4,1","3,7","2,1","1,3","1,2","1,1","1,7",2021
Granada,Cuartil_3,1,1,1,1,"1,4","2,6","4,7","4,3","2,8","1,4","1,2","1,2",2,2021
Granada,Maximo,"1,1","1,1","2,1","1,6","2,8","3,5",5,"4,9","4,8","2,7","1,8","1,3",5,2021
Guadalajara,Minimo,1,1,1,1,1,1,1,1,1,1,1,1,1,2021
Guadalajara,Cuartil_1,1,1,1,1,1,1,"2,9","2,8",1,1,1,1,1,2021
Guadalajara,Mediana,1,1,1,1,1,1,"3,6","3,4",1,1,1,1,1,2021
Guadalajara,Media,1,1,"1,2","1,2",1,"1,2","3,3","3,4","1,2",1,1,1,"1,5",2021
Guadalajara,Cuartil_3,1,1,1,1,1,"1,2","4,1","4,3","1,1",1,1,1,"1,1",2021
Guadalajara,Maximo,1,"1,3","2,4","2,6","2,1","3,2",5,5,"2,2","1,4",1,1,5,2021
Gipuzkoa,Minimo,1,1,1,1,1,1,1,1,1,1,1,1,1,2021
Gipuzkoa,Cuartil_1,1,1,1,"1,4",1,1,1,"1,3",1,1,1,1,1,2021
Gipuzkoa,Mediana,1,1,1,"3,1",1,1,"1,6","2,6","1,1","1,1",1,1,1,2021
Gipuzkoa,Media,1,"1,5","1,6",3,"1,4","1,8","1,7","2,5","1,9","1,9",1,"1,3","1,7",2021
Gipuzkoa,Cuartil_3,1,"1,4","1,8","4,1","1,4","2,6","2,5","3,3","2,6","2,7",1,"1,4","2,1",2021
Gipuzkoa,Maximo,2,"4,4","4,9",5,"4,1","4,6","3,2","4,5",5,"4,5","1,3","2,7",5,2021
Huelva,Minimo,1,1,1,1,1,1,"1,4",1,1,1,1,1,1,2021
Huelva,Cuartil_1,1,1,1,1,1,1,"2,6","1,6",1,1,1,1,1,2021
Huelva,Mediana,1,1,1,1,1,"1,3","3,5","2,9",1,1,1,1,1,2021
Huelva,Media,1,1,"1,1",1,"1,3","1,7","3,3","2,8","1,6",1,1,1,"1,5",2021
Huelva,Cuartil_3,1,1,1,1,"1,2","2,2","4,3","3,7","1,9",1,1,1,"1,3",2021
Huelva,Maximo,1,1,"2,4","1,1","4,1","4,1",5,5,"4,3","1,4","1,4",1,5,2021
Huesca,Minimo,1,1,1,1,1,1,"1,2","1,1",1,1,1,1,1,2021
Huesca,Cuartil_1,1,1,1,1,1,1,"2,9",3,1,"1,2",1,1,1,2021
Huesca,Mediana,1,1,"1,3","1,2","1,2","1,3","3,5","3,5","1,1","1,8","1,3",1,"1,2",2021
Huesca,Media,1,1,"1,6","1,8","1,5","1,6","3,4","3,5","1,3","1,7","1,3","1,1","1,7",2021
Huesca,Cuartil_3,1,1,2,"2,6",2,"1,9","4,1","4,5","1,3","2,1","1,7","1,1","2,2",2021
Huesca,Maximo,1,"1,9","3,4","4,2","2,7","4,3",5,"4,9","2,8","2,4","2,2","1,2",5,2021
Jaen,Minimo,1,1,1,1,1,1,"2,2","1,2",1,1,1,1,1,2021
Jaen,Cuartil_1,1,1,1,1,1,1,"3,6","2,9",1,1,1,1,1,2021
Jaen,Mediana,1,1,1,1,1,"1,3","4,2","3,6","1,6",1,1,1,1,2021
Jaen,Media,1,1,"1,1","1,1","1,1","1,8",4,"3,5","1,9","1,2",1,1,"1,6",2021
Jaen,Cuartil_3,1,1,1,1,1,"2,5","4,7","4,5","2,2","1,2",1,1,"1,6",2021
Jaen,Maximo,1,1,"2,1","1,6","1,7","3,5",5,5,"4,9","2,1","1,1",1,5,2021
Leon,Minimo,1,1,1,1,1,1,1,1,1,1,1,1,1,2021
Leon,Cuartil_1,1,1,1,1,1,1,"1,5","3,5",1,1,1,1,1,2021
Leon,Mediana,1,1,1,1,1,1,"2,7","3,8",1,1,1,1,1,2021
Leon,Media,1,1,"1,2","1,4","1,1","1,3","2,5","3,7","1,6","1,3","1,1",1,"1,5",2021
Leon,Cuartil_3,1,1,"1,2","1,8",1,"1,4","3,5","4,3","1,4","1,3","1,3",1,"1,5",2021
Leon,Maximo,1,1,"2,3","2,3",2,"3,1","4,6","4,9","4,2","2,2","1,6","1,1","4,9",2021
Lleida,Minimo,1,1,1,1,1,1,1,"1,1",1,1,1,1,1,2021
Lleida,Cuartil_1,1,1,1,1,"1,1","1,1",3,"2,2",1,"1,4",1,1,1,2021
Lleida,Mediana,1,1,"1,1","1,1","1,6","1,4","3,7","3,5","1,1","2,1",1,1,"1,2",2021
Lleida,Media,1,"1,1","1,5","1,8","1,6","1,8","3,4","3,3","1,3","1,9","1,2","1,1","1,8",2021
Lleida,Cuartil_3,1,1,"1,8","2,8","2,1","2,2","4,1","4,5","1,5","2,3","1,4","1,2","2,2",2021
Lleida,Maximo,1,"1,9",3,"3,8","2,9","4,3",5,"4,9","2,7","2,6","1,9","1,4",5,2021
La Rioja,Minimo,1,1,1,1,1,1,"1,1","1,2",1,1,1,1,1,2021
La Rioja,Cuartil_1,1,1,1,1,1,1,"2,9","3,9",1,1,1,1,1,2021
La Rioja,Mediana,1,1,1,"1,2","1,1","1,4","4,3","4,5","1,1","1,4",1,1,1,2021
La Rioja,Media,1,"1,2","1,3","1,8","1,3","1,7","3,7","4,2","1,8","1,5",1,1,"1,8",2021
La Rioja,Cuartil_3,1,1,"1,1","2,7","1,5",2,"4,6","4,8","2,4","1,9",1,"1,1","2,2",2021
La Rioja,Maximo,"1,1","3,1","3,6","3,5","3,5","3,6",5,5,"4,2","2,6","1,1","1,3",5,2021
Lugo,Minimo,1,1,1,1,1,1,1,1,1,1,1,1,1,2021
Lugo,Cuartil_1,1,1,1,1,1,1,"1,1","2,1",1,1,1,1,1,2021
Lugo,Mediana,1,1,"1,1","1,3",1,1,"1,9","3,1",1,1,1,1,1,2021
Lugo,Media,1,1,"1,4","1,9","1,2","1,7","1,9","2,8","1,6","1,3","1,1",1,"1,5",2021
Lugo,Cuartil_3,1,1,"1,7","2,9","1,2","2,2","2,6","3,7","1,7","1,6","1,1",1,"1,8",2021
Lugo,Maximo,"1,4","1,6","3,3","3,4","3,3",4,"3,2","4,5",5,"2,4","1,6","1,2",5,2021
Madrid,Minimo,1,1,1,1,1,1,1,1,1,1,1,1,1,2021
Madrid,Cuartil_1,1,1,1,1,1,1,"2,3","2,8",1,1,1,1,1,2021
Madrid,Mediana,1,1,1,1,1,1,"3,6","3,5",1,1,1,1,1,2021
Madrid,Media,1,1,"1,1","1,1",1,"1,5","3,2","3,3","1,1",1,1,1,"1,5",2021
Madrid,Cuartil_3,1,1,1,1,1,2,4,"4,1","1,1",1,1,1,1,2021
Madrid,Maximo,1,1,"1,6","1,7","1,9","3,4",5,5,"2,1",1,1,1,5,2021
Malaga,Minimo,1,1,1,1,1,1,"2,5","1,1",1,1,1,1,1,2021
Malaga,Cuartil_1,1,1,1,1,1,"1,1","3,3","1,5",1,1,1,1,1,2021
Malaga,Mediana,1,1,1,1,1,"1,8","3,8","2,7","1,1",1,"1,1","1,1",1,2021
Malaga,Media,1,1,1,1,"1,1","1,9","3,8","2,7","1,9","1,1","1,3","1,2","1,6",2021
Malaga,Cuartil_3,1,1,1,1,"1,1","2,4","4,3","3,8","2,9",1,"1,3","1,3","1,6",2021
Malaga,Maximo,1,1,"1,7",1,2,"4,1",5,"4,8","4,3","1,8","2,6","1,7",5,2021
Murcia,Minimo,1,1,1,1,1,1,1,"1,6",1,1,1,1,1,2021
Murcia,Cuartil_1,1,1,1,1,1,1,"2,7","2,2",1,1,1,1,1,2021
Murcia,Mediana,1,1,1,1,1,"1,2","3,1","2,8","1,3",1,1,1,1,2021
Murcia,Media,"1,2","1,1",1,1,"1,3","1,7","3,2","2,9","1,7",1,"1,1",1,"1,5",2021
Murcia,Cuartil_3,"1,1","1,1",1,1,"1,5","2,3","3,9","3,9",2,1,1,1,"1,6",2021
Murcia,Maximo,"2,3","1,7","1,1","1,1","3,1","4,5","4,8","4,6","3,7","1,3","2,1","1,1","4,8",2021
Navarra,Minimo,1,1,1,1,1,1,1,1,1,1,1,1,1,2021
Navarra,Cuartil_1,1,1,1,"1,2",1,1,"2,6","2,7",1,"1,1",1,1,1,2021
Navarra,Mediana,1,1,"1,1","2,4","1,1","1,2","3,2","3,6","1,1","1,5",1,1,"1,1",2021
Navarra,Media,1,"1,2","1,4","2,3","1,3","1,5","3,2","3,5","1,5","1,7",1,"1,1","1,7",2021
Navarra,Cuartil_3,1,"1,2","1,3","3,2","1,4","1,8","3,9","4,3","1,6",2,1,"1,1","2,3",2021
Navarra,Maximo,"1,2","2,6","3,7",4,"3,8","3,9","4,8","4,9",4,"3,1","1,4","1,3","4,9",2021
Ourense,Minimo,1,1,1,1,1,1,1,1,1,1,1,1,1,2021
Ourense,Cuartil_1,1,1,1,1,1,1,"1,1","2,5",1,1,1,1,1,2021
Ourense,Mediana,1,1,1,1,1,1,2,"3,4",1,1,1,1,1,2021
Ourense,Media,1,1,"1,4","1,3","1,1","1,5","2,1","3,2","1,4","1,2","1,1",1,"1,4",2021
Ourense,Cuartil_3,1,1,"1,7","1,5",1,"1,9",3,"3,9","1,2","1,2","1,1",1,"1,5",2021
Ourense,Maximo,"1,1",1,3,"2,4",2,"3,1","3,8","4,7","4,8","1,9","1,7","1,1","4,8",2021
Asturias,Minimo,1,1,1,1,1,1,1,1,1,1,1,1,1,2021
Asturias,Cuartil_1,1,1,1,"1,1",1,1,1,2,1,1,1,1,1,2021
Asturias,Mediana,1,1,"1,3",2,"1,1",1,"1,2","2,8",1,"1,4",1,1,"1,1",2021
Asturias,Media,1,"1,2","1,6","2,3","1,4","1,5","1,7","2,8","1,6","1,9","1,1","1,3","1,6",2021
Asturias,Cuartil_3,1,"1,1","1,9","3,6","1,4",2,"2,2","3,8","1,8",3,"1,1","1,6",2,2021
Asturias,Maximo,"1,3","2,3","3,9",4,"3,6","3,4","3,6","4,5","4,9","3,7","1,9","2,8","4,9",2021
Palencia,Minimo,1,1,1,1,1,1,1,"1,4",1,1,1,1,1,2021
Palencia,Cuartil_1,1,1,1,1,1,1,"2,1","3,6",1,1,1,1,1,2021
Palencia,Mediana,1,1,1,1,1,1,"3,1","4,1",1,1,1,1,1,2021
Palencia,Media,1,1,"1,2","1,4","1,2","1,4",3,"3,9","1,7","1,1",1,1,"1,6",2021
Palencia,Cuartil_3,1,1,"1,2",2,"1,1","1,6",4,"4,5",2,"1,2",1,1,"1,7",2021
Palencia,Maximo,1,"1,1","2,7","2,5","2,6","3,6",5,5,5,"1,7","1,2",1,5,2021
Las Palmas,Minimo,1,1,1,1,1,1,"1,1","1,2","1,1",1,1,1,1,2021
Las Palmas,Cuartil_1,1,1,1,1,"1,3","1,4","1,8","1,6","1,3","1,4",1,1,1,2021
Las Palmas,Mediana,1,1,1,1,"2,6","2,2","2,7",2,"1,4","1,8","1,1",1,"1,3",2021
Las Palmas,Media,"1,1","1,1","1,3","1,2","2,4","2,2","2,7","2,4","1,8","1,9","1,3","1,4","1,7",2021
Las Palmas,Cuartil_3,"1,1","1,1","1,2","1,1","3,2","2,8","3,6","2,9",2,"2,3","1,3","1,6","2,2",2021
Las Palmas,Maximo,"1,7","2,2","3,8","2,2","3,9","4,1","4,3","4,8","4,3","3,1","3,6","2,8","4,8",2021
Pontevedra,Minimo,1,1,1,1,1,1,1,1,1,1,1,1,1,2021
Pontevedra,Cuartil_1,1,1,1,1,1,1,1,1,1,1,1,1,1,2021
Pontevedra,Mediana,1,1,"1,3",1,1,1,"1,2","2,3",1,1,1,1,1,2021
Pontevedra,Media,1,1,"1,6","1,4",1,"1,5","1,4","2,1","1,3","1,1","1,2",1,"1,3",2021
Pontevedra,Cuartil_3,1,1,2,"1,8",1,2,"1,5","2,8","1,1",1,"1,4",1,"1,3",2021
Pontevedra,Maximo,"1,4","1,2","3,3","2,9","1,5","3,6","2,9","3,8",4,"1,7","2,7","1,2",4,2021
Salamanca,Minimo,1,1,1,1,1,1,1,"1,2",1,1,1,1,1,2021
Salamanca,Cuartil_1,1,1,1,1,1,1,"2,3","2,9",1,1,1,1,1,2021
Salamanca,Mediana,1,1,1,1,1,"1,1","2,9","3,8",1,1,1,1,1,2021
Salamanca,Media,1,1,"1,1","1,1","1,1","1,7","3,1","3,6","1,6",1,1,1,"1,5",2021
Salamanca,Cuartil_3,1,1,1,1,1,"1,9","4,1","4,6","1,7",1,1,1,"1,2",2021
Salamanca,Maximo,1,1,2,2,"3,4","4,1",5,5,"4,9","1,2",1,1,5,2021
Santa Cruz de Tenerife,Minimo,1,1,1,1,1,1,"1,9","1,5","1,3","1,2",1,1,1,2021
Santa Cruz de Tenerife,Cuartil_1,1,1,1,1,1,"1,5","2,7","2,2","1,6","1,6","1,1",1,1,2021
Santa Cruz de Tenerife,Mediana,1,1,1,1,"1,2","1,7","3,2","2,8","1,9","2,4","1,3",1,"1,3",2021
Santa Cruz de Tenerife,Media,1,1,"1,1",1,"1,5","1,9","3,2",3,"2,1","2,5","1,4","1,1","1,8",2021
Santa Cruz de Tenerife,Cuartil_3,1,1,1,1,"1,6","2,4","3,7","3,9","2,7","3,3","1,6","1,2","2,2",2021
Santa Cruz de Tenerife,Maximo,1,"1,5","2,6","1,2","3,1","3,5","4,6","4,9","3,6","4,3","2,1","1,5","4,9",2021
Cantabria,Minimo,1,1,1,1,1,1,1,1,1,1,1,1,1,2021
Cantabria,Cuartil_1,1,1,1,"1,1",1,1,1,"1,3",1,1,1,1,1,2021
Cantabria,Mediana,1,1,1,"2,2",1,1,"1,2",2,1,"1,4",1,"1,2",1,2021
Cantabria,Media,1,"1,5","1,5","2,3","1,2","1,6","1,6","2,3","1,7","1,8",1,"1,5","1,6",2021
Cantabria,Cuartil_3,1,"1,7","1,4","3,1","1,1","1,9","2,1","3,3","1,7","2,5",1,"1,9","1,9",2021
Cantabria,Maximo,"1,5","3,8","4,7","4,5","4,3","3,7","3,3","4,5","4,8","3,9","1,2",3,"4,8",2021
Segovia,Minimo,1,1,1,1,1,1,1,1,1,1,1,1,1,2021
Segovia,Cuartil_1,1,1,1,1,1,1,"2,2",3,1,1,1,1,1,2021
Segovia,Mediana,1,1,1,1,1,1,"3,2","3,4",1,1,1,1,1,2021
Segovia,Media,1,1,"1,2","1,1",1,"1,4","3,1","3,5","1,6","1,1",1,1,"1,5",2021
Segovia,Cuartil_3,1,1,1,1,1,"1,6","4,1","4,3","1,2",1,1,1,"1,2",2021
Segovia,Maximo,1,"1,3","3,2","2,1","1,2","3,2",5,5,"4,8","1,9",1,1,5,2021
Sevilla,Minimo,1,1,1,1,1,1,"1,7",1,1,1,1,1,1,2021
Sevilla,Cuartil_1,1,1,1,1,1,1,3,"1,5",1,1,1,1,1,2021
Sevilla,Mediana,1,1,1,1,1,"1,7","3,8","2,2",1,1,1,1,1,2021
Sevilla,Media,1,1,"1,1","1,1","1,2","1,9","3,6","2,6","1,6","1,1",1,1,"1,5",2021
Sevilla,Cuartil_3,1,1,1,"1,1","1,2","2,7","4,3","3,2","1,5","1,1",1,1,"1,5",2021
Sevilla,Maximo,1,1,"3,1","1,6","2,9","3,9",5,5,"3,9","1,9","1,6",1,5,2021
Soria,Minimo,1,1,1,1,1,1,1,"1,1",1,1,1,1,1,2021
Soria,Cuartil_1,1,1,1,1,1,1,"2,4","3,2",1,1,1,1,1,2021
Soria,Mediana,1,1,1,1,1,1,"3,6","3,7",1,1,1,1,1,2021
Soria,Media,1,1,"1,2","1,4","1,1","1,2","3,2","3,5","1,3","1,2",1,1,"1,5",2021
Soria,Cuartil_3,1,1,1,"1,6",1,"1,3","4,1","4,2","1,4","1,3",1,1,"1,4",2021
Soria,Maximo,1,"1,7","2,9","2,4","2,3","2,6",5,5,"3,2","2,3","1,1",1,5,2021
Tarragona,Minimo,1,1,1,1,1,1,1,1,1,1,1,1,1,2021
Tarragona,Cuartil_1,1,1,1,1,1,1,"2,1","1,6",1,1,1,1,1,2021
Tarragona,Mediana,1,1,"1,1","1,1","1,1","1,3","3,1","2,3",1,1,1,1,1,2021
Tarragona,Media,1,"1,1","1,3","1,4","1,4","1,8","2,9","2,5",1,1,"1,1",1,"1,5",2021
Tarragona,Cuartil_3,1,1,"1,3","1,3","1,7",2,"3,9","3,3",1,1,1,1,"1,4",2021
Tarragona,Maximo,"1,4","2,8","2,7","3,8","2,8","4,5","4,8","4,4","1,5","1,1",2,"1,2","4,8",2021
Teruel,Minimo,1,1,1,1,1,1,1,1,1,1,1,1,1,2021
Teruel,Cuartil_1,1,1,1,1,1,1,3,"2,2",1,1,1,1,1,2021
Teruel,Mediana,1,1,1,1,1,1,"3,8","3,4","1,1","1,2",1,1,1,2021
Teruel,Media,1,1,"1,3","1,4","1,2","1,4","3,6","3,2","1,2","1,3",1,1,"1,6",2021
Teruel,Cuartil_3,1,1,"1,2","1,3","1,3","1,7","4,4","4,2","1,3","1,3",1,1,"1,5",2021
Teruel,Maximo,1,"1,6",3,"3,6","2,8",3,5,"4,9","2,2","2,3","1,3",1,5,2021
Toledo,Minimo,1,1,1,1,1,1,"1,1","1,1",1,1,1,1,1,2021
Toledo,Cuartil_1,1,1,1,1,1,1,"2,5","2,5",1,1,1,1,1,2021
Toledo,Mediana,1,1,1,1,1,"1,4","4,1","3,4",1,1,1,1,1,2021
Toledo,Media,1,1,"1,1","1,1","1,2",2,"3,5","3,3","1,3",1,1,1,"1,6",2021
Toledo,Cuartil_3,1,1,1,1,1,3,"4,5","4,1","1,4",1,1,1,"1,4",2021
Toledo,Maximo,1,1,"2,2","1,7","3,5",4,5,5,"3,1","1,2",1,1,5,2021
Valencia,Minimo,1,1,1,1,1,1,1,1,1,1,1,1,1,2021
Valencia,Cuartil_1,1,1,1,1,1,1,"1,7","1,2",1,1,1,1,1,2021
Valencia,Mediana,1,1,1,1,1,1,"2,8","2,1",1,1,1,1,1,2021
Valencia,Media,"1,1","1,1",1,"1,1","1,1","1,2","2,8","2,2","1,1",1,1,1,"1,3",2021
Valencia,Cuartil_3,1,"1,1",1,1,1,"1,2","3,5","2,8","1,1",1,1,1,"1,1",2021
Valencia,Maximo,"1,9","1,5","1,1",2,"2,8","2,9","4,9","4,8","1,4","1,1",1,"1,1","4,9",2021
Valladolid,Minimo,1,1,1,1,1,1,1,"1,1",1,1,1,1,1,2021
Valladolid,Cuartil_1,1,1,1,1,1,1,"2,6","3,2",1,1,1,1,1,2021
Valladolid,Mediana,1,1,1,1,1,1,"3,4","3,7",1,1,1,1,1,2021
Valladolid,Media,1,1,"1,2","1,2","1,2","1,7","3,4","3,6","1,6",1,1,1,"1,6",2021
Valladolid,Cuartil_3,1,1,"1,1","1,2","1,1","2,1","4,1","4,6","1,6",1,1,1,"1,5",2021
Valladolid,Maximo,1,"1,1",3,"2,5","2,8","4,6",5,5,5,"1,1",1,1,5,2021
Bizkaia,Minimo,1,1,1,1,1,1,1,1,1,1,1,1,1,2021
Bizkaia,Cuartil_1,1,1,1,"1,3",1,1,1,"1,1",1,1,1,1,1,2021
Bizkaia,Mediana,1,1,1,"2,9",1,1,"1,1","1,9",1,"1,1",1,1,1,2021
Bizkaia,Media,1,"1,4","1,5","2,8","1,4","1,7","1,5","2,3","1,7","1,7",1,"1,2","1,6",2021
Bizkaia,Cuartil_3,1,"1,2","1,5","3,8","1,4","2,3",2,"3,1","1,8","2,1",1,"1,1","1,8",2021
Bizkaia,Maximo,"1,7","3,9","4,8","4,9",4,"4,3","2,7","4,5","4,8","4,2","1,1","2,7","4,9",2021
Zamora,Minimo,1,1,1,1,1,1,1,1,1,1,1,1,1,2021
Zamora,Cuartil_1,1,1,1,1,1,1,"2,1","3,3",1,1,1,1,1,2021
Zamora,Mediana,1,1,1,1,1,1,"3,1","3,8",1,1,1,1,1,2021
Zamora,Media,1,1,"1,1","1,1","1,2","1,6","2,9","3,7","1,6",1,1,1,"1,5",2021
Zamora,Cuartil_3,1,1,"1,2","1,1",1,"2,2","3,9","4,6","1,9",1,1,1,"1,3",2021
Zamora,Maximo,1,1,"2,1","1,9","2,3","4,2","4,9",5,"4,4","1,2","1,1",1,5,2021
Zaragoza,Minimo,1,1,1,1,1,1,"1,5","1,3",1,1,1,1,1,2021
Zaragoza,Cuartil_1,1,1,1,1,1,1,"2,8","2,6",1,1,1,1,1,2021
Zaragoza,Mediana,1,1,"1,2","1,1","1,1","1,1","3,3","3,2",1,"1,1",1,1,1,2021
Zaragoza,Media,1,1,"1,4","1,7","1,3","1,4","3,3","3,2","1,2","1,2","1,1",1,"1,6",2021
Zaragoza,Cuartil_3,1,1,"1,4","2,3","1,6","1,5","3,8","4,1","1,2","1,3",1,1,"1,8",2021
Zaragoza,Maximo,1,"1,3","3,2","4,1","2,6","3,5","4,9",5,"2,1","2,2","1,8",1,5,2021
Araba,Minimo,"1,0","1,0","1,0","1,0","1,0","1,1","1,0","1,7","1,0","1,0","1,0","1,0","1,0",2022
Araba,Cuartil_1,"1,0","1,0","1,0","1,0","1,1","1,8","3,6","3,4","2,4","1,7","1,0","1,0","1,0",2022
Araba,Mediana,"1,0","1,0","1,0","1,0","2,0","2,7","4,4","4,7","4,5","3,3","1,0","1,0","1,3",2022
Araba,Media,"1,1","1,0","1,1","1,3","2,2","2,9","4,0","4,1","3,7","3,1","1,4","1,1","2,3",2022
Araba,Cuartil_3,"1,0","1,0","1,1","1,1","3,1","4,1","4,9","4,8","4,9","4,3","1,2","1,1","3,6",2022
Araba,Maximo,"1,7","1,2","2,2","3,1","4,6","5,0","5,0","5,0","5,0","4,9","3,2","1,8","5,0",2022
Albacete,Minimo,"1,0","1,0","1,0","1,0","1,0","1,1","1,7","1,5","1,0","1,0","1,0","1,0","1,0",2022
Albacete,Cuartil_1,"1,0","1,0","1,0","1,0","1,0","2,3","3,4","3,2","1,0","1,0","1,0","1,0","1,0",2022
Albacete,Mediana,"1,0","1,0","1,0","1,0","1,1","3,2","4,1","3,9","1,6","1,3","1,2","1,0","1,0",2022
Albacete,Media,"1,1","1,2","1,0","1,0","1,8","3,3","3,9","3,7","2,2","1,4","1,4","1,0","1,9",2022
Albacete,Cuartil_3,"1,0","1,3","1,0","1,0","2,5","4,5","4,6","4,4","3,3","1,6","1,5","1,0","2,9",2022
Albacete,Maximo,"2,4","2,8","1,3","1,0","4,0","5,0","5,0","5,0","4,9","3,2","2,7","1,2","5,0",2022
Alicante,Minimo,"1,0","1,0","1,0","1,0","1,0","1,1","1,4","1,5","1,0","1,0","1,0","1,0","1,0",2022
Alicante,Cuartil_1,"1,0","1,0","1,0","1,0","1,0","2,1","2,3","2,7","1,0","1,0","1,2","1,0","1,0",2022
Alicante,Mediana,"1,0","1,1","1,0","1,0","1,0","3,1","3,7","4,1","1,4","1,0","1,6","1,0","1,1",2022
Alicante,Media,"1,3","1,5","1,0","1,0","1,5","3,0","3,4","3,7","2,1","1,1","1,8","1,1","1,9",2022
Alicante,Cuartil_3,"1,3","2,0","1,0","1,0","2,1","3,8","4,5","4,6","3,3","1,1","2,1","1,0","2,5",2022
Alicante,Maximo,"3,9","3,0","1,1","1,0","3,3","4,7","4,8","5,0","4,5","1,8","4,1","2,3","5,0",2022
Almeria,Minimo,"1,0","1,0","1,0","1,0","1,0","2,2","1,5","1,1","1,0","1,0","1,0","1,0","1,0",2022
Almeria,Cuartil_1,"1,0","1,0","1,0","1,0","1,0","2,8","2,7","3,1","1,3","1,1","1,2","1,0","1,0",2022
Almeria,Mediana,"1,1","1,3","1,0","1,0","1,0","3,4","3,2","3,8","2,0","1,7","1,4","1,0","1,3",2022
Almeria,Media,"1,1","1,3","1,0","1,0","1,4","3,5","3,4","3,7","2,1","1,8","1,6","1,1","1,9",2022
Almeria,Cuartil_3,"1,1","1,4","1,0","1,0","1,7","4,3","4,2","4,2","2,8","2,2","2,0","1,1","2,6",2022
Almeria,Maximo,"1,6","2,0","1,0","1,1","2,9","4,9","4,9","5,0","3,6","3,5","2,5","1,5","5,0",2022
Avila,Minimo,"1,0","1,0","1,0","1,0","1,0","1,0","1,8","1,1","1,0","1,0","1,0","1,0","1,0",2022
Avila,Cuartil_1,"1,0","1,0","1,0","1,0","1,0","1,2","3,4","2,2","1,0","1,0","1,0","1,0","1,0",2022
Avila,Mediana,"1,0","1,0","1,0","1,0","1,0","1,6","3,8","3,7","1,0","1,0","1,0","1,0","1,0",2022
Avila,Media,"1,0","1,1","1,0","1,0","1,1","2,1","3,8","3,4","1,5","1,0","1,0","1,0","1,6",2022
Avila,Cuartil_3,"1,0","1,0","1,0","1,0","1,1","2,9","4,7","4,4","1,9","1,0","1,0","1,0","1,4",2022
Avila,Maximo,"1,2","1,4","1,0","1,1","1,8","4,4","5,0","4,8","3,5","1,4","1,0","1,0","5,0",2022
Badajoz,Minimo,"1,0","1,0","1,0","1,0","1,0","1,0","1,4","1,2","1,0","1,0","1,0","1,0","1,0",2022
Badajoz,Cuartil_1,"1,0","1,0","1,0","1,0","1,0","1,5","3,5","2,2","1,0","1,0","1,0","1,0","1,0",2022
Badajoz,Mediana,"1,0","1,0","1,0","1,0","1,2","2,5","4,0","3,6","1,1","1,0","1,0","1,0","1,0",2022
Badajoz,Media,"1,0","1,0","1,0","1,0","1,8","2,8","4,1","3,2","1,4","1,3","1,0","1,0","1,7",2022
Badajoz,Cuartil_3,"1,0","1,0","1,0","1,0","2,2","4,0","4,9","4,0","1,6","1,4","1,0","1,0","1,9",2022
Badajoz,Maximo,"1,0","2,0","1,0","1,1","4,1","4,9","5,0","5,0","3,3","2,5","1,0","1,0","5,0",2022
Illes Balears,Minimo,"1,0","1,0","1,0","1,0","1,0","1,0","1,8","1,0","1,0","1,0","1,0","1,0","1,0",2022
Illes Balears,Cuartil_1,"1,0","1,0","1,0","1,0","1,0","1,2","3,1","1,8","1,2","1,0","1,0","1,0","1,0",2022
Illes Balears,Mediana,"1,0","1,0","1,0","1,0","1,1","1,5","3,3","3,1","1,4","1,0","1,0","1,0","1,0",2022
Illes Balears,Media,"1,0","1,1","1,0","1,0","1,3","1,9","3,3","2,9","1,5","1,0","1,2","1,0","1,5",2022
Illes Balears,Cuartil_3,"1,0","1,2","1,0","1,0","1,3","2,0","3,7","3,9","1,7","1,0","1,2","1,0","1,6",2022
Illes Balears,Maximo,"1,5","1,7","1,3","1,1","2,8","4,4","4,5","4,7","3,0","1,1","2,6","1,0","4,7",2022
Barcelona,Minimo,"1,0","1,0","1,0","1,0","1,0","1,1","1,5","1,0","1,0","1,0","1,0","1,0","1,0",2022
Barcelona,Cuartil_1,"1,2","1,4","1,0","1,0","1,2","2,9","3,5","1,8","1,2","1,1","1,1","1,0","1,1",2022
Barcelona,Mediana,"1,3","1,8","1,0","1,2","2,5","3,6","4,7","3,4","1,6","1,4","1,4","1,0","1,5",2022
Barcelona,Media,"1,5","1,8","1,1","1,5","2,7","3,5","4,1","3,3","1,7","1,5","1,8","1,1","2,1",2022
Barcelona,Cuartil_3,"1,6","2,3","1,1","1,8","3,9","4,4","4,8","4,7","2,2","1,8","2,2","1,1","2,8",2022
Barcelona,Maximo,"2,7","3,1","1,8","3,6","5,0","4,9","5,0","5,0","2,5","2,4","3,6","1,3","5,0",2022
Burgos,Minimo,"1,0","1,0","1,0","1,0","1,0","1,0","1,9","1,5","1,0","1,0","1,0","1,0","1,0",2022
Burgos,Cuartil_1,"1,0","1,0","1,0","1,0","1,0","1,8","3,7","3,4","2,1","1,9","1,0","1,0","1,0",2022
Burgos,Mediana,"1,0","1,0","1,0","1,0","1,2","2,6","4,2","4,2","3,4","2,2","1,0","1,0","1,2",2022
Burgos,Media,"1,1","1,1","1,0","1,2","1,6","2,7","4,1","3,9","3,2","2,4","1,2","1,0","2,0",2022
Burgos,Cuartil_3,"1,1","1,1","1,0","1,0","2,2","3,6","4,7","4,5","4,2","3,0","1,2","1,0","3,0",2022
Burgos,Maximo,"1,4","1,6","1,5","2,3","4,0","5,0","5,0","5,0","5,0","4,8","2,2","1,2","5,0",2022
Caceres,Minimo,"1,0","1,0","1,0","1,0","1,0","1,0","2,3","1,9","1,0","1,0","1,0","1,0","1,0",2022
Caceres,Cuartil_1,"1,0","1,0","1,0","1,0","1,0","1,1","3,5","3,0","1,0","1,0","1,0","1,0","1,0",2022
Caceres,Mediana,"1,0","1,0","1,0","1,0","1,0","2,0","3,9","3,8","1,0","1,0","1,0","1,0","1,0",2022
Caceres,Media,"1,0","1,0","1,0","1,0","1,4","2,4","4,1","3,6","1,4","1,1","1,0","1,0","1,7",2022
Caceres,Cuartil_3,"1,0","1,0","1,0","1,0","1,6","3,8","4,9","4,2","1,7","1,1","1,0","1,0","1,9",2022
Caceres,Maximo,"1,0","1,3","1,0","1,0","3,0","4,7","5,0","5,0","3,1","1,7","1,0","1,0","5,0",2022
Cadiz,Minimo,"1,0","1,0","1,0","1,0","1,0","1,0","1,0","1,2","1,0","1,0","1,0","1,0","1,0",2022
Cadiz,Cuartil_1,"1,0","1,0","1,0","1,0","1,0","1,5","2,3","2,0","1,1","1,1","1,0","1,0","1,0",2022
Cadiz,Mediana,"1,0","1,0","1,0","1,0","1,1","2,3","3,7","2,5","1,9","1,7","1,0","1,0","1,0",2022
Cadiz,Media,"1,0","1,1","1,0","1,0","1,5","2,6","3,4","2,6","2,0","2,0","1,1","1,0","1,7",2022
Cadiz,Cuartil_3,"1,0","1,0","1,0","1,0","1,5","3,3","4,7","3,4","2,6","2,6","1,1","1,0","2,2",2022
Cadiz,Maximo,"1,3","2,2","1,0","1,0","3,7","4,9","4,9","4,6","4,1","4,3","1,7","1,0","4,9",2022
Castellon,Minimo,"1,0","1,0","1,0","1,0","1,0","1,0","1,0","1,0","1,0","1,0","1,0","1,0","1,0",2022
Castellon,Cuartil_1,"1,0","1,3","1,0","1,0","1,0","1,2","1,8","2,5","1,0","1,0","1,0","1,0","1,0",2022
Castellon,Mediana,"1,0","2,1","1,0","1,0","1,0","2,0","2,6","3,5","1,5","1,1","1,0","1,0","1,1",2022
Castellon,Media,"1,3","2,0","1,0","1,0","1,1","2,1","2,5","3,2","1,8","1,2","1,2","1,0","1,6",2022
Castellon,Cuartil_3,"1,2","2,6","1,0","1,0","1,1","3,1","3,2","4,1","2,4","1,3","1,1","1,0","2,1",2022
Castellon,Maximo,"3,5","3,4","1,2","1,2","2,4","4,2","3,9","4,7","3,7","1,6","3,3","1,1","4,7",2022
Ciudad Real,Minimo,"1,0","1,0","1,0","1,0","1,0","1,1","2,5","1,3","1,0","1,0","1,0","1,0","1,0",2022
Ciudad Real,Cuartil_1,"1,0","1,0","1,0","1,0","1,0","2,2","3,6","2,7","1,0","1,0","1,0","1,0","1,0",2022
Ciudad Real,Mediana,"1,0","1,0","1,0","1,0","1,1","3,3","4,3","3,5","1,3","1,1","1,0","1,0","1,0",2022
Ciudad Real,Media,"1,0","1,0","1,0","1,0","1,9","3,3","4,2","3,2","1,9","1,4","1,0","1,0","1,8",2022
Ciudad Real,Cuartil_3,"1,0","1,0","1,0","1,0","2,8","4,4","4,9","4,1","2,4","1,5","1,0","1,0","2,5",2022
Ciudad Real,Maximo,"1,0","1,3","1,0","1,0","4,7","5,0","5,0","4,7","4,4","3,8","1,4","1,0","5,0",2022
Cordoba,Minimo,"1,0","1,0","1,0","1,0","1,0","1,2","1,6","1,7","1,0","1,0","1,0","1,0","1,0",2022
Cordoba,Cuartil_1,"1,0","1,0","1,0","1,0","1,0","2,5","3,5","2,9","1,0","1,0","1,0","1,0","1,0",2022
Cordoba,Mediana,"1,0","1,0","1,0","1,0","1,2","3,0","4,4","3,2","1,3","1,2","1,0","1,0","1,0",2022
Cordoba,Media,"1,0","1,0","1,0","1,0","1,7","3,3","4,2","3,4","1,7","1,5","1,0","1,0","1,8",2022
Cordoba,Cuartil_3,"1,0","1,0","1,0","1,0","2,2","4,6","5,0","4,0","2,5","1,8","1,1","1,0","2,5",2022
Cordoba,Maximo,"1,0","1,7","1,0","1,0","4,1","4,9","5,0","4,7","3,9","3,7","1,3","1,0","5,0",2022
A Coruña,Minimo,"1,0","1,0","1,0","1,0","1,0","1,0","1,0","1,0","1,0","1,0","1,0","1,0","1,0",2022
A Coruña,Cuartil_1,"1,0","1,0","1,0","1,0","1,0","1,0","2,5","2,4","1,0","1,0","1,0","1,0","1,0",2022
A Coruña,Mediana,"1,0","1,0","1,0","1,0","1,4","1,0","3,1","3,2","1,0","1,0","1,0","1,0","1,0",2022
A Coruña,Media,"1,2","1,2","1,0","1,2","1,6","1,1","3,0","3,1","1,4","1,0","1,0","1,0","1,5",2022
A Coruña,Cuartil_3,"1,2","1,3","1,1","1,1","2,1","1,0","3,6","4,1","1,7","1,0","1,0","1,0","1,6",2022
A Coruña,Maximo,"2,3","2,5","1,2","2,6","2,9","2,4","4,3","4,6","2,5","1,2","1,6","1,2","4,6",2022
Cuenca,Minimo,"1,0","1,0","1,0","1,0","1,0","1,3","1,3","1,2","1,0","1,0","1,0","1,0","1,0",2022
Cuenca,Cuartil_1,"1,0","1,0","1,0","1,0","1,0","2,8","3,6","3,2","1,0","1,0","1,0","1,0","1,0",2022
Cuenca,Mediana,"1,0","1,1","1,0","1,0","1,1","3,8","4,1","3,8","1,1","1,1","1,0","1,0","1,0",2022
Cuenca,Media,"1,0","1,2","1,0","1,0","1,9","3,7","4,0","3,6","2,1","1,2","1,1","1,0","1,9",2022
Cuenca,Cuartil_3,"1,0","1,2","1,0","1,0","2,6","4,7","4,8","4,2","3,7","1,3","1,0","1,0","2,7",2022
Cuenca,Maximo,"1,9","2,4","1,0","1,3","4,2","5,0","5,0","5,0","4,9","2,0","2,1","1,0","5,0",2022
Girona,Minimo,"1,0","1,0","1,0","1,0","1,0","1,8","2,5","1,4","1,0","1,0","1,0","1,0","1,0",2022
Girona,Cuartil_1,"1,3","1,3","1,0","1,0","1,3","3,1","4,2","3,2","1,4","1,0","1,1","1,0","1,1",2022
Girona,Mediana,"1,7","2,1","1,0","1,1","2,5","3,7","4,5","3,8","2,7","1,7","1,4","1,1","1,9",2022
Girona,Media,"1,6","1,9","1,2","1,4","2,4","3,7","4,3","3,6","2,6","1,7","1,7","1,2","2,3",2022
Girona,Cuartil_3,"1,9","2,4","1,2","1,7","3,1","4,4","4,8","4,2","3,5","2,3","2,1","1,3","3,3",2022
Girona,Maximo,"2,7","3,1","2,2","2,8","4,6","4,9","5,0","4,7","3,9","3,2","3,5","1,8","5,0",2022
Granada,Minimo,"1,0","1,0","1,0","1,0","1,0","1,3","3,2","1,7","1,0","1,0","1,0","1,0","1,0",2022
Granada,Cuartil_1,"1,0","1,0","1,0","1,0","1,0","3,1","3,9","3,7","1,2","1,0","1,2","1,0","1,0",2022
Granada,Mediana,"1,0","1,1","1,0","1,0","1,4","3,7","4,4","4,0","2,1","2,6","1,6","1,0","1,2",2022
Granada,Media,"1,1","1,2","1,0","1,0","2,0","3,6","4,2","4,0","2,3","2,4","1,8","1,0","2,1",2022
Granada,Cuartil_3,"1,1","1,3","1,0","1,0","3,1","4,7","4,7","4,4","3,4","3,3","2,0","1,0","3,4",2022
Granada,Maximo,"1,4","1,8","1,0","1,1","4,6","4,9","4,9","4,8","4,5","4,7","3,6","1,3","4,9",2022
Guadalajara,Minimo,"1,0","1,0","1,0","1,0","1,0","1,7","1,3","1,1","1,0","1,0","1,0","1,0","1,0",2022
Guadalajara,Cuartil_1,"1,0","1,0","1,0","1,0","1,0","2,7","3,8","3,0","1,0","1,0","1,0","1,0","1,0",2022
Guadalajara,Mediana,"1,0","1,1","1,0","1,0","1,0","3,5","4,3","4,0","1,2","1,2","1,0","1,0","1,0",2022
Guadalajara,Media,"1,1","1,2","1,0","1,1","1,5","3,5","4,1","3,6","2,1","1,4","1,0","1,0","1,9",2022
Guadalajara,Cuartil_3,"1,0","1,2","1,0","1,0","1,8","4,3","4,8","4,3","3,7","1,6","1,0","1,0","2,5",2022
Guadalajara,Maximo,"1,8","2,1","1,1","2,1","3,8","5,0","5,0","4,9","4,5","2,5","1,4","1,0","5,0",2022
Gipuzkoa,Minimo,"1,0","1,0","1,0","1,0","1,0","1,0","1,0","1,0","1,0","1,0","1,0","1,0","1,0",2022
Gipuzkoa,Cuartil_1,"1,0","1,0","1,0","1,0","1,0","1,0","1,7","1,4","1,0","1,2","1,0","1,0","1,0",2022
Gipuzkoa,Mediana,"1,0","1,0","1,0","1,0","1,9","1,5","2,9","3,4","3,4","3,0","1,0","1,0","1,1",2022
Gipuzkoa,Media,"1,3","1,0","1,5","1,5","2,3","2,2","3,1","3,2","3,0","3,0","1,5","1,3","2,1",2022
Gipuzkoa,Cuartil_3,"1,0","1,0","2,0","1,6","3,5","3,3","4,8","4,8","4,7","4,6","1,1","1,2","3,1",2022
Gipuzkoa,Maximo,"3,9","1,8","3,9","4,2","4,8","5,0","5,0","5,0","5,0","5,0","4,0","3,5","5,0",2022
Huelva,Minimo,"1,0","1,0","1,0","1,0","1,0","1,0","1,0","1,1","1,0","1,0","1,0","1,0","1,0",2022
Huelva,Cuartil_1,"1,0","1,0","1,0","1,0","1,0","1,3","3,2","1,7","1,0","1,0","1,0","1,0","1,0",2022
Huelva,Mediana,"1,0","1,0","1,0","1,0","1,0","2,8","4,0","2,3","1,1","1,0","1,0","1,0","1,0",2022
Huelva,Media,"1,0","1,1","1,0","1,0","1,8","2,7","3,9","2,5","1,5","1,2","1,0","1,0","1,6",2022
Huelva,Cuartil_3,"1,0","1,0","1,0","1,0","2,3","3,8","4,9","3,2","1,9","1,3","1,0","1,0","1,9",2022
Huelva,Maximo,"1,1","2,4","1,0","1,8","4,7","4,9","5,0","4,9","3,6","3,0","1,0","1,0","5,0",2022
Huesca,Minimo,"1,0","1,0","1,0","1,0","1,0","1,0","1,0","1,1","1,0","1,0","1,0","1,0","1,0",2022
Huesca,Cuartil_1,"1,0","1,4","1,0","1,0","1,4","2,6","2,7","2,8","1,3","1,0","1,0","1,0","1,0",2022
Huesca,Mediana,"1,3","1,9","1,0","1,1","2,5","4,0","4,0","3,5","1,9","1,3","1,0","1,0","1,4",2022
Huesca,Media,"1,3","1,7","1,1","1,5","2,6","3,6","3,6","3,4","2,1","1,5","1,1","1,0","2,1",2022
Huesca,Cuartil_3,"1,5","2,0","1,1","1,9","3,6","4,6","4,6","4,3","2,7","2,0","1,1","1,0","2,7",2022
Huesca,Maximo,"2,3","2,3","2,2","3,7","4,8","5,0","5,0","5,0","4,2","2,5","1,3","1,1","5,0",2022
Jaen,Minimo,"1,0","1,0","1,0","1,0","1,0","1,2","2,7","1,4","1,0","1,0","1,0","1,0","1,0",2022
Jaen,Cuartil_1,"1,0","1,0","1,0","1,0","1,0","2,3","3,9","3,3","1,0","1,0","1,0","1,0","1,0",2022
Jaen,Mediana,"1,0","1,0","1,0","1,0","1,0","3,2","4,4","3,9","1,5","1,4","1,0","1,0","1,0",2022
Jaen,Media,"1,0","1,0","1,0","1,0","1,6","3,3","4,3","3,7","2,0","1,6","1,2","1,0","1,9",2022
Jaen,Cuartil_3,"1,0","1,0","1,0","1,0","1,8","4,6","4,9","4,2","2,9","2,0","1,3","1,0","2,9",2022
Jaen,Maximo,"1,0","1,2","1,0","1,0","4,2","4,9","5,0","4,6","4,3","3,4","2,2","1,0","5,0",2022
Leon,Minimo,"1,0","1,0","1,0","1,0","1,0","1,0","1,3","1,5","1,0","1,0","1,0","1,0","1,0",2022
Leon,Cuartil_1,"1,0","1,0","1,0","1,0","1,4","1,0","3,4","3,3","1,3","1,0","1,0","1,0","1,0",2022
Leon,Mediana,"1,0","1,2","1,0","1,0","1,8","1,7","3,9","4,0","2,3","1,0","1,0","1,0","1,1",2022
Leon,Media,"1,1","1,3","1,0","1,2","2,1","1,9","3,7","3,8","2,5","1,4","1,0","1,0","1,8",2022
Leon,Cuartil_3,"1,1","1,5","1,0","1,3","2,5","2,4","4,6","4,4","3,4","1,6","1,0","1,0","2,3",2022
Leon,Maximo,"1,8","1,7","1,2","1,8","4,0","4,3","5,0","5,0","4,9","3,0","1,1","1,0","5,0",2022
Lleida,Minimo,"1,0","1,0","1,0","1,0","1,0","1,0","1,0","1,0","1,0","1,0","1,0","1,0","1,0",2022
Lleida,Cuartil_1,"1,3","1,3","1,0","1,0","1,2","3,3","3,1","2,7","1,3","1,1","1,0","1,0","1,0",2022
Lleida,Mediana,"1,4","1,6","1,0","1,2","2,3","4,2","4,2","3,5","1,8","1,5","1,2","1,0","1,5",2022
Lleida,Media,"1,5","1,7","1,1","1,5","2,5","3,8","3,6","3,2","2,1","1,5","1,3","1,1","2,1",2022
Lleida,Cuartil_3,"1,8","2,1","1,2","1,8","3,6","4,6","4,6","3,9","3,0","1,9","1,5","1,1","2,8",2022
Lleida,Maximo,"2,3","2,6","2,2","3,1","4,8","5,0","5,0","4,8","3,6","2,5","2,4","1,4","5,0",2022
La Rioja,Minimo,"1,0","1,0","1,0","1,0","1,0","1,0","1,0","1,8","1,0","1,0","1,0","1,0","1,0",2022
La Rioja,Cuartil_1,"1,0","1,0","1,0","1,0","1,1","2,4","3,8","3,8","3,0","1,7","1,0","1,0","1,0",2022
La Rioja,Mediana,"1,0","1,1","1,0","1,0","1,5","3,3","4,7","4,4","4,2","2,4","1,0","1,0","1,4",2022
La Rioja,Media,"1,2","1,3","1,0","1,2","2,0","3,3","4,2","4,2","3,7","2,7","1,4","1,0","2,3",2022
La Rioja,Cuartil_3,"1,3","1,3","1,0","1,0","2,6","4,3","4,9","4,8","4,7","3,6","1,7","1,0","3,7",2022
La Rioja,Maximo,"2,0","2,5","1,6","2,5","4,5","5,0","5,0","5,0","5,0","4,8","2,9","1,2","5,0",2022
Lugo,Minimo,"1,0","1,0","1,0","1,0","1,0","1,0","1,0","1,0","1,0","1,0","1,0","1,0","1,0",2022
Lugo,Cuartil_1,"1,0","1,0","1,0","1,0","1,1","1,0","2,4","2,8","1,1","1,0","1,0","1,0","1,0",2022
Lugo,Mediana,"1,0","1,0","1,0","1,0","1,6","1,0","3,2","3,6","2,2","1,0","1,0","1,0","1,0",2022
Lugo,Media,"1,1","1,2","1,0","1,2","1,7","1,2","3,1","3,3","2,1","1,3","1,0","1,0","1,6",2022
Lugo,Cuartil_3,"1,2","1,3","1,0","1,0","2,2","1,0","3,9","3,9","2,8","1,5","1,0","1,0","1,9",2022
Lugo,Maximo,"1,7","2,2","1,9","2,7","2,8","2,4","4,7","4,9","4,0","2,8","1,7","1,3","4,9",2022
Madrid,Minimo,"1,0","1,0","1,0","1,0","1,0","1,4","1,8","1,2","1,0","1,0","1,0","1,0","1,0",2022
Madrid,Cuartil_1,"1,0","1,0","1,0","1,0","1,0","2,4","3,3","2,9","1,0","1,0","1,0","1,0","1,0",2022
Madrid,Mediana,"1,0","1,0","1,0","1,0","1,0","3,1","4,1","3,6","1,1","1,0","1,0","1,0","1,0",2022
Madrid,Media,"1,0","1,1","1,0","1,0","1,2","3,1","4,0","3,4","1,8","1,1","1,0","1,0","1,7",2022
Madrid,Cuartil_3,"1,0","1,1","1,0","1,0","1,3","3,9","4,9","4,1","2,7","1,1","1,0","1,0","2,2",2022
Madrid,Maximo,"1,2","1,4","1,0","1,2","2,5","4,8","5,0","4,9","4,0","2,8","1,0","1,0","5,0",2022
Malaga,Minimo,"1,0","1,0","1,0","1,0","1,0","1,6","1,1","1,8","1,0","1,0","1,0","1,0","1,0",2022
Malaga,Cuartil_1,"1,0","1,0","1,0","1,0","1,0","2,0","2,9","2,8","1,2","1,1","1,1","1,0","1,0",2022
Malaga,Mediana,"1,0","1,0","1,0","1,0","1,0","3,1","3,6","3,5","2,5","1,7","1,3","1,0","1,1",2022
Malaga,Media,"1,0","1,1","1,0","1,0","1,4","3,1","3,5","3,4","2,4","1,9","1,5","1,0","1,9",2022
Malaga,Cuartil_3,"1,0","1,1","1,0","1,0","1,8","4,2","4,4","4,2","3,3","2,3","1,8","1,0","2,7",2022
Malaga,Maximo,"1,3","1,6","1,0","1,1","2,8","4,6","4,9","4,6","4,0","4,3","3,4","1,1","4,9",2022
Murcia,Minimo,"1,0","1,0","1,0","1,0","1,0","1,2","1,5","1,2","1,0","1,0","1,0","1,0","1,0",2022
Murcia,Cuartil_1,"1,0","1,0","1,0","1,0","1,0","2,5","2,7","3,2","1,1","1,0","1,1","1,0","1,0",2022
Murcia,Mediana,"1,0","1,0","1,0","1,0","1,0","3,3","4,1","4,1","1,6","1,1","1,2","1,0","1,1",2022
Murcia,Media,"1,1","1,2","1,0","1,0","1,5","3,4","3,6","3,8","2,0","1,2","1,4","1,0","1,9",2022
Murcia,Cuartil_3,"1,0","1,3","1,0","1,0","1,9","4,2","4,6","4,7","2,9","1,3","1,6","1,0","2,6",2022
Murcia,Maximo,"2,0","1,9","1,0","1,0","3,6","4,9","4,9","4,9","3,7","2,3","3,0","1,4","4,9",2022
Navarra,Minimo,"1,0","1,0","1,0","1,0","1,0","1,1","1,0","2,2","1,2","1,0","1,0","1,0","1,0",2022
Navarra,Cuartil_1,"1,0","1,0","1,0","1,0","1,7","2,1","2,8","3,5","2,6","1,6","1,0","1,0","1,0",2022
Navarra,Mediana,"1,0","1,0","1,0","1,0","2,6","3,2","3,7","3,9","3,2","2,4","1,0","1,0","1,5",2022
Navarra,Media,"1,1","1,1","1,2","1,3","2,7","3,2","3,6","3,8","3,3","2,5","1,2","1,1","2,2",2022
Navarra,Cuartil_3,"1,2","1,1","1,2","1,3","3,3","4,4","4,5","4,3","4,2","3,2","1,1","1,1","3,3",2022
Navarra,Maximo,"1,6","1,7","2,3","3,9","4,9","5,0","5,0","5,0","5,0","4,5","2,0","1,6","5,0",2022
Ourense,Minimo,"1,0","1,0","1,0","1,0","1,0","1,0","1,0","1,0","1,0","1,0","1,0","1,0","1,0",2022
Ourense,Cuartil_1,"1,0","1,0","1,0","1,0","1,1","1,0","2,7","3,7","1,1","1,0","1,0","1,0","1,0",2022
Ourense,Mediana,"1,0","1,0","1,0","1,0","1,4","1,0","3,9","4,0","1,8","1,0","1,0","1,0","1,0",2022
Ourense,Media,"1,1","1,2","1,0","1,1","1,6","1,3","3,4","3,7","2,0","1,3","1,0","1,0","1,6",2022
Ourense,Cuartil_3,"1,0","1,2","1,0","1,1","2,1","1,1","4,3","4,5","2,5","1,5","1,0","1,0","1,8",2022
Ourense,Maximo,"1,9","1,6","1,3","1,8","2,7","2,9","4,9","4,9","4,5","2,6","1,0","1,0","4,9",2022
Asturias,Minimo,"1,0","1,0","1,0","1,0","1,0","1,0","1,0","1,0","1,0","1,0","1,0","1,0","1,0",2022
Asturias,Cuartil_1,"1,0","1,0","1,0","1,0","1,2","1,0","1,4","1,6","1,0","1,0","1,0","1,0","1,0",2022
Asturias,Mediana,"1,3","1,3","1,0","1,0","2,0","1,0","3,4","2,8","1,9","1,4","1,0","1,0","1,2",2022
Asturias,Media,"1,6","1,5","1,3","1,3","2,1","1,4","2,9","2,6","2,3","1,7","1,3","1,1","1,8",2022
Asturias,Cuartil_3,"2,1","1,9","1,5","1,3","2,9","1,0","4,1","3,6","3,8","2,0","1,2","1,1","2,2",2022
Asturias,Maximo,"3,5","2,9","2,4","3,6","3,8","4,0","4,8","4,4","4,2","3,6","3,5","2,1","4,8",2022
Palencia,Minimo,"1,0","1,0","1,0","1,0","1,0","1,0","1,6","1,1","1,0","1,0","1,0","1,0","1,0",2022
Palencia,Cuartil_1,"1,0","1,0","1,0","1,0","1,1","1,6","3,5","3,1","1,3","1,0","1,0","1,0","1,0",2022
Palencia,Mediana,"1,0","1,0","1,0","1,0","1,5","2,3","3,9","4,1","2,8","1,2","1,0","1,0","1,1",2022
Palencia,Media,"1,1","1,1","1,0","1,1","1,8","2,6","3,9","3,8","2,6","1,7","1,0","1,0","1,9",2022
Palencia,Cuartil_3,"1,0","1,1","1,0","1,0","2,3","3,7","4,5","4,4","3,6","2,1","1,0","1,0","2,7",2022
Palencia,Maximo,"1,4","1,9","1,3","2,7","3,9","5,0","5,0","5,0","4,8","4,3","1,0","1,0","5,0",2022
Las Palmas,Minimo,"1,0","1,0","1,0","1,0","1,0","1,0","1,5","1,0","1,0","1,0","1,0","1,0","1,0",2022
Las Palmas,Cuartil_1,"1,0","1,1","1,0","1,0","1,2","1,7","2,2","1,9","1,0","1,0","1,0","1,0","1,0",2022
Las Palmas,Mediana,"1,1","1,3","1,0","1,1","1,4","2,5","2,3","2,2","1,2","1,0","1,1","1,0","1,3",2022
Las Palmas,Media,"1,6","1,5","1,3","1,6","1,7","2,4","2,6","2,3","1,5","1,1","1,5","1,3","1,7",2022
Las Palmas,Cuartil_3,"1,8","1,6","1,4","1,8","2,0","3,1","2,8","2,8","1,6","1,0","1,4","1,1","2,2",2022
Las Palmas,Maximo,"3,7","3,6","3,0","3,6","2,9","3,8","4,7","3,7","3,3","1,4","3,5","3,6","4,7",2022
Pontevedra,Minimo,"1,0","1,0","1,0","1,0","1,0","1,0","1,0","1,0","1,0","1,0","1,0","1,0","1,0",2022
Pontevedra,Cuartil_1,"1,0","1,0","1,0","1,0","1,0","1,0","2,2","3,0","1,0","1,0","1,0","1,0","1,0",2022
Pontevedra,Mediana,"1,0","1,0","1,0","1,0","1,7","1,0","3,2","3,5","1,2","1,0","1,0","1,0","1,0",2022
Pontevedra,Media,"1,1","1,2","1,1","1,2","1,7","1,0","3,0","3,3","1,6","1,1","1,0","1,0","1,5",2022
Pontevedra,Cuartil_3,"1,1","1,2","1,0","1,2","2,2","1,0","3,9","3,9","1,8","1,1","1,0","1,0","1,6",2022
Pontevedra,Maximo,"2,2","2,1","1,6","2,4","3,0","1,2","4,5","4,5","3,3","1,6","1,1","1,0","4,5",2022
Salamanca,Minimo,"1,0","1,0","1,0","1,0","1,0","1,0","1,3","1,9","1,0","1,0","1,0","1,0","1,0",2022
Salamanca,Cuartil_1,"1,0","1,0","1,0","1,0","1,0","1,3","3,4","3,3","1,0","1,0","1,0","1,0","1,0",2022
Salamanca,Mediana,"1,0","1,0","1,0","1,0","1,4","2,0","4,0","4,2","1,3","1,0","1,0","1,0","1,0",2022
Salamanca,Media,"1,0","1,2","1,0","1,0","1,7","2,4","3,9","3,8","1,8","1,1","1,0","1,0","1,8",2022
Salamanca,Cuartil_3,"1,0","1,3","1,0","1,0","2,2","3,4","4,8","4,5","2,2","1,0","1,0","1,0","2,2",2022
Salamanca,Maximo,"1,1","2,3","1,1","1,1","3,2","4,9","5,0","5,0","4,4","2,6","1,0","1,0","5,0",2022
Santa Cruz de Tenerife,Minimo,"1,0","1,0","1,0","1,0","1,0","1,1","1,7","1,1","1,0","1,0","1,0","1,0","1,0",2022
Santa Cruz de Tenerife,Cuartil_1,"1,0","1,0","1,0","1,0","1,3","1,8","2,8","1,8","1,0","1,0","1,1","1,0","1,0",2022
Santa Cruz de Tenerife,Mediana,"1,0","1,0","1,0","1,0","1,5","2,2","3,0","2,9","1,1","1,0","1,2","1,0","1,1",2022
Santa Cruz de Tenerife,Media,"1,3","1,1","1,0","1,2","1,5","2,2","3,2","2,7","1,2","1,0","1,3","1,0","1,6",2022
Santa Cruz de Tenerife,Cuartil_3,"1,5","1,1","1,1","1,1","1,7","2,6","3,7","3,5","1,3","1,0","1,5","1,0","1,8",2022
Santa Cruz de Tenerife,Maximo,"2,3","1,4","1,3","2,3","2,3","3,1","4,7","4,0","1,9","1,2","2,2","1,3","4,7",2022
Cantabria,Minimo,"1,0","1,0","1,0","1,0","1,0","1,0","1,0","1,1","1,0","1,0","1,0","1,0","1,0",2022
Cantabria,Cuartil_1,"1,0","1,0","1,0","1,0","1,0","1,0","1,5","1,6","1,2","1,3","1,0","1,0","1,0",2022
Cantabria,Mediana,"1,1","1,1","1,0","1,0","1,9","1,1","3,4","3,4","2,6","2,0","1,0","1,0","1,3",2022
Cantabria,Media,"1,5","1,3","1,4","1,6","2,2","1,7","3,0","3,0","2,6","2,4","1,4","1,2","1,9",2022
Cantabria,Cuartil_3,"1,7","1,4","1,7","1,8","3,3","1,4","4,5","4,2","3,7","3,4","1,1","1,1","2,7",2022
Cantabria,Maximo,"3,7","2,1","3,2","4,0","4,3","4,9","5,0","4,9","4,9","4,8","3,9","2,5","5,0",2022
Segovia,Minimo,"1,0","1,0","1,0","1,0","1,0","1,0","2,0","1,0","1,0","1,0","1,0","1,0","1,0",2022
Segovia,Cuartil_1,"1,0","1,0","1,0","1,0","1,0","1,4","3,7","3,2","1,1","1,0","1,0","1,0","1,0",2022
Segovia,Mediana,"1,0","1,0","1,0","1,0","1,0","2,6","4,1","4,1","1,6","1,2","1,0","1,0","1,0",2022
Segovia,Media,"1,0","1,1","1,0","1,0","1,4","2,7","4,1","3,7","2,1","1,5","1,0","1,0","1,8",2022
Segovia,Cuartil_3,"1,0","1,1","1,0","1,0","1,6","3,7","4,8","4,6","3,1","1,8","1,0","1,0","2,3",2022
Segovia,Maximo,"1,2","1,7","1,0","1,7","3,5","5,0","5,0","5,0","4,5","3,4","1,0","1,0","5,0",2022
Sevilla,Minimo,"1,0","1,0","1,0","1,0","1,0","1,1","1,0","1,2","1,0","1,0","1,0","1,0","1,0",2022
Sevilla,Cuartil_1,"1,0","1,0","1,0","1,0","1,0","2,4","3,4","2,3","1,1","1,0","1,0","1,0","1,0",2022
Sevilla,Mediana,"1,0","1,0","1,0","1,0","1,2","3,1","4,5","2,8","1,6","1,2","1,0","1,0","1,0",2022
Sevilla,Media,"1,0","1,1","1,0","1,0","1,9","3,2","4,0","2,8","1,7","1,5","1,0","1,0","1,8",2022
Sevilla,Cuartil_3,"1,0","1,0","1,0","1,0","2,6","4,3","5,0","3,3","2,2","1,9","1,0","1,0","2,3",2022
Sevilla,Maximo,"1,0","2,2","1,2","1,1","4,7","5,0","5,0","4,5","3,5","4,3","1,2","1,0","5,0",2022
Soria,Minimo,"1,0","1,0","1,0","1,0","1,0","1,1","1,5","1,4","1,2","1,0","1,0","1,0","1,0",2022
Soria,Cuartil_1,"1,0","1,0","1,0","1,0","1,0","2,5","3,5","3,2","2,1","1,1","1,0","1,0","1,0",2022
Soria,Mediana,"1,0","1,1","1,0","1,0","1,1","3,4","4,0","3,9","2,8","1,8","1,0","1,0","1,1",2022
Soria,Media,"1,1","1,3","1,0","1,1","1,7","3,4","4,0","3,6","2,9","2,0","1,0","1,0","2,0",2022
Soria,Cuartil_3,"1,0","1,2","1,0","1,0","2,6","4,2","4,7","4,2","3,8","2,7","1,0","1,0","3,0",2022
Soria,Maximo,"1,7","2,2","1,1","2,1","4,7","5,0","5,0","5,0","4,9","4,5","1,4","1,0","5,0",2022
Tarragona,Minimo,"1,0","1,0","1,0","1,0","1,0","1,0","1,0","1,2","1,0","1,0","1,0","1,0","1,0",2022
Tarragona,Cuartil_1,"1,0","1,1","1,0","1,0","1,0","1,8","1,9","2,3","1,1","1,0","1,0","1,0","1,0",2022
Tarragona,Mediana,"1,0","1,3","1,0","1,0","1,4","2,6","2,6","2,9","1,2","1,0","1,2","1,0","1,1",2022
Tarragona,Media,"1,1","1,5","1,0","1,1","1,6","2,8","2,6","2,8","1,7","1,2","1,5","1,0","1,7",2022
Tarragona,Cuartil_3,"1,0","1,9","1,0","1,0","1,8","4,0","3,4","3,3","1,9","1,2","1,6","1,0","2,2",2022
Tarragona,Maximo,"3,1","2,8","1,1","2,8","3,5","4,5","3,8","4,6","3,7","2,4","4,3","1,0","4,6",2022
Teruel,Minimo,"1,0","1,0","1,0","1,0","1,0","1,1","1,0","1,0","1,0","1,0","1,0","1,0","1,0",2022
Teruel,Cuartil_1,"1,0","1,2","1,0","1,0","1,0","2,9","2,8","3,1","1,2","1,1","1,0","1,0","1,0",2022
Teruel,Mediana,"1,0","1,5","1,0","1,0","1,3","4,1","3,6","3,7","2,0","1,7","1,0","1,0","1,2",2022
Teruel,Media,"1,2","1,6","1,0","1,1","1,9","3,7","3,5","3,6","2,3","1,9","1,4","1,0","2,0",2022
Teruel,Cuartil_3,"1,2","1,8","1,0","1,0","2,2","4,5","4,5","4,5","3,6","2,6","1,5","1,0","2,8",2022
Teruel,Maximo,"2,7","2,8","1,3","2,0","4,6","5,0","5,0","4,9","4,6","3,4","3,4","1,1","5,0",2022
Toledo,Minimo,"1,0","1,0","1,0","1,0","1,0","1,4","2,7","1,5","1,0","1,0","1,0","1,0","1,0",2022
Toledo,Cuartil_1,"1,0","1,0","1,0","1,0","1,0","2,3","3,6","2,8","1,0","1,0","1,0","1,0","1,0",2022
Toledo,Mediana,"1,0","1,0","1,0","1,0","1,1","3,1","4,5","3,4","1,4","1,0","1,0","1,0","1,0",2022
Toledo,Media,"1,0","1,0","1,0","1,0","1,5","3,2","4,2","3,2","1,9","1,2","1,0","1,0","1,8",2022
Toledo,Cuartil_3,"1,0","1,0","1,0","1,0","2,0","4,1","4,7","3,9","2,8","1,1","1,0","1,0","2,3",2022
Toledo,Maximo,"1,0","1,3","1,0","1,0","4,3","4,9","5,0","4,7","4,0","2,0","1,0","1,0","5,0",2022
Valencia,Minimo,"1,0","1,0","1,0","1,0","1,0","1,0","1,0","1,0","1,0","1,0","1,0","1,0","1,0",2022
Valencia,Cuartil_1,"1,0","1,0","1,0","1,0","1,0","1,8","1,7","3,4","1,0","1,0","1,0","1,0","1,0",2022
Valencia,Mediana,"1,0","1,2","1,0","1,0","1,1","2,4","3,3","4,3","1,3","1,0","1,1","1,0","1,0",2022
Valencia,Media,"1,2","1,4","1,0","1,0","1,2","2,4","3,0","3,7","2,2","1,1","1,4","1,0","1,7",2022
Valencia,Cuartil_3,"1,0","1,8","1,0","1,0","1,3","3,1","3,9","4,6","3,4","1,1","1,3","1,0","1,9",2022
Valencia,Maximo,"3,1","2,4","1,1","1,0","2,1","4,6","4,9","4,8","4,9","1,5","3,9","1,1","4,9",2022
Valladolid,Minimo,"1,0","1,0","1,0","1,0","1,0","1,0","1,6","1,4","1,0","1,0","1,0","1,0","1,0",2022
Valladolid,Cuartil_1,"1,0","1,0","1,0","1,0","1,1","1,9","3,7","3,1","1,0","1,0","1,0","1,0","1,0",2022
Valladolid,Mediana,"1,0","1,0","1,0","1,0","1,6","2,6","4,1","3,9","2,0","1,0","1,0","1,0","1,0",2022
Valladolid,Media,"1,0","1,0","1,0","1,1","2,0","2,9","4,1","3,6","2,1","1,3","1,0","1,0","1,9",2022
Valladolid,Cuartil_3,"1,0","1,0","1,0","1,0","2,6","4,0","4,8","4,2","2,6","1,4","1,0","1,0","2,5",2022
Valladolid,Maximo,"1,0","1,5","1,0","2,6","4,4","5,0","5,0","5,0","4,7","3,9","1,0","1,0","5,0",2022
Bizkaia,Minimo,"1,0","1,0","1,0","1,0","1,0","1,0","1,0","1,0","1,0","1,0","1,0","1,0","1,0",2022
Bizkaia,Cuartil_1,"1,0","1,0","1,0","1,0","1,1","1,0","1,8","1,6","1,0","1,1","1,0","1,0","1,0",2022
Bizkaia,Mediana,"1,0","1,0","1,0","1,0","1,3","1,5","3,2","3,4","3,9","2,7","1,0","1,0","1,1",2022
Bizkaia,Media,"1,3","1,0","1,5","1,6","2,2","2,2","3,2","3,3","3,2","2,9","1,6","1,2","2,1",2022
Bizkaia,Cuartil_3,"1,0","1,0","1,9","1,6","3,2","3,2","4,8","4,8","4,7","4,8","1,0","1,0","3,2",2022
Bizkaia,Maximo,"3,8","1,8","3,9","4,0","4,4","5,0","5,0","5,0","5,0","5,0","4,1","3,0","5,0",2022
Zamora,Minimo,"1,0","1,0","1,0","1,0","1,0","1,0","1,9","1,6","1,0","1,0","1,0","1,0","1,0",2022
Zamora,Cuartil_1,"1,0","1,0","1,0","1,0","1,4","1,4","3,4","3,4","1,0","1,0","1,0","1,0","1,0",2022
Zamora,Mediana,"1,0","1,0","1,0","1,0","2,1","2,4","3,9","3,8","2,1","1,0","1,0","1,0","1,0",2022
Zamora,Media,"1,0","1,1","1,0","1,1","2,1","2,6","3,9","3,7","2,2","1,2","1,0","1,0","1,8",2022
Zamora,Cuartil_3,"1,0","1,1","1,0","1,1","2,7","3,6","4,5","4,4","2,8","1,2","1,0","1,0","2,5",2022
Zamora,Maximo,"1,1","1,9","1,0","1,6","4,5","4,9","5,0","5,0","4,6","3,2","1,0","1,0","5,0",2022
Zaragoza,Minimo,"1,0","1,0","1,0","1,0","1,0","1,7","1,0","1,3","1,1","1,0","1,0","1,0","1,0",2022
Zaragoza,Cuartil_1,"1,0","1,0","1,0","1,0","1,1","3,1","2,6","2,8","1,7","1,2","1,0","1,0","1,0",2022
Zaragoza,Mediana,"1,0","1,2","1,0","1,0","1,7","3,7","3,5","3,4","2,3","1,4","1,0","1,0","1,2",2022
Zaragoza,Media,"1,0","1,3","1,0","1,3","2,0","3,6","3,4","3,4","2,4","1,6","1,1","1,0","1,9",2022
Zaragoza,Cuartil_3,"1,0","1,3","1,0","1,5","2,8","4,3","4,0","4,2","3,2","2,0","1,1","1,0","2,8",2022
Zaragoza,Maximo,"1,6","2,4","1,2","2,9","4,4","5,0","4,9","4,9","4,2","2,8","1,5","1,0","5,0",2022
